-- Auto-generated by scripts/gen_seed.py — deterministic seed data.
-- All table/column identifiers UPPERCASE. Load AFTER 01_schema.sql.
USE ENTERPRISE_BI;
SET FOREIGN_KEY_CHECKS = 0;
SET NAMES utf8mb4;

-- ROLES
INSERT INTO ROLES (ROLE_ID,ROLE_NAME,DESCRIPTION) VALUES
(1,'BUSINESS_ANALYST','Read business metrics, build reports'),
(2,'MANAGER','Branch and regional oversight'),
(3,'FINANCE','Finance, claims, payments, revenue'),
(4,'SALES','Sales and collections'),
(5,'ADMIN','Full access');

-- USERS
INSERT INTO USERS (USER_ID,USERNAME,EMAIL,ROLE_ID,PASSWORD_HASH,IS_ACTIVE) VALUES
(1,'analyst','analyst@abccorp.example',1,'$2b$12$abcdefghijklmnopqrstuvREPLACEWITHREALHASHxxxxxxxxxxxxxx',1),
(2,'manager','manager@abccorp.example',2,'$2b$12$abcdefghijklmnopqrstuvREPLACEWITHREALHASHxxxxxxxxxxxxxx',1),
(3,'finance','finance@abccorp.example',3,'$2b$12$abcdefghijklmnopqrstuvREPLACEWITHREALHASHxxxxxxxxxxxxxx',1),
(4,'sales','sales@abccorp.example',4,'$2b$12$abcdefghijklmnopqrstuvREPLACEWITHREALHASHxxxxxxxxxxxxxx',1),
(5,'admin','admin@abccorp.example',5,'$2b$12$abcdefghijklmnopqrstuvREPLACEWITHREALHASHxxxxxxxxxxxxxx',1);

-- REGIONS
INSERT INTO REGIONS (REGION_ID,REGION_NAME,COUNTRY) VALUES
(1,'SOUTH','India'),
(2,'NORTH','India'),
(3,'EAST','India'),
(4,'WEST','India');

-- BRANCHES
INSERT INTO BRANCHES (BRANCH_ID,BRANCH_NAME,REGION_ID,STATE,CITY,OPENED_DATE,IS_ACTIVE) VALUES
(1,'Chennai Central',1,'Tamil Nadu','Chennai','2019-01-10',1),
(2,'Bangalore Whitefield',1,'Karnataka','Bangalore','2019-01-10',1),
(3,'Kochi Marine Drive',1,'Kerala','Kochi','2019-01-10',1),
(4,'Trivandrum City',1,'Kerala','Trivandrum','2019-01-10',1),
(5,'Hyderabad Hitec',1,'Telangana','Hyderabad','2019-01-10',1),
(6,'Mumbai Andheri',4,'Maharashtra','Mumbai','2019-01-10',1),
(7,'Delhi Connaught',2,'Delhi','New Delhi','2019-01-10',1),
(8,'Kolkata Salt Lake',3,'West Bengal','Kolkata','2019-01-10',1);

-- PRODUCTS
INSERT INTO PRODUCTS (PRODUCT_ID,PRODUCT_NAME,CATEGORY,UNIT_PRICE,IS_ACTIVE) VALUES
(1,'Term Insurance Plus','INSURANCE',12000.00,1),
(2,'Health Shield Gold','INSURANCE',18000.00,1),
(3,'Motor Secure','INSURANCE',9000.00,1),
(4,'Wealth Builder ULIP','INVESTMENT',25000.00,1),
(5,'Fixed Deposit Prime','INVESTMENT',50000.00,1),
(6,'Home Loan Assist','LENDING',30000.00,1);

-- CUSTOMERS
INSERT INTO CUSTOMERS (CUSTOMER_ID,CUSTOMER_NAME,STATE,CITY,SEGMENT,BRANCH_ID) VALUES
(1,'Customer 001','Tamil Nadu','Chennai','CORPORATE',1),
(2,'Customer 002','Tamil Nadu','Chennai','RETAIL',1),
(3,'Customer 003','Tamil Nadu','Chennai','SME',1),
(4,'Customer 004','Tamil Nadu','Chennai','CORPORATE',1),
(5,'Customer 005','Tamil Nadu','Chennai','RETAIL',1),
(6,'Customer 006','Tamil Nadu','Chennai','SME',1),
(7,'Customer 007','Tamil Nadu','Chennai','CORPORATE',1),
(8,'Customer 008','Tamil Nadu','Chennai','RETAIL',1),
(9,'Customer 009','Tamil Nadu','Chennai','SME',1),
(10,'Customer 010','Tamil Nadu','Chennai','CORPORATE',1),
(11,'Customer 011','Tamil Nadu','Chennai','RETAIL',1),
(12,'Customer 012','Tamil Nadu','Chennai','SME',1),
(13,'Customer 013','Karnataka','Bangalore','CORPORATE',2),
(14,'Customer 014','Karnataka','Bangalore','RETAIL',2),
(15,'Customer 015','Karnataka','Bangalore','SME',2),
(16,'Customer 016','Karnataka','Bangalore','CORPORATE',2),
(17,'Customer 017','Karnataka','Bangalore','RETAIL',2),
(18,'Customer 018','Karnataka','Bangalore','SME',2),
(19,'Customer 019','Karnataka','Bangalore','CORPORATE',2),
(20,'Customer 020','Karnataka','Bangalore','RETAIL',2),
(21,'Customer 021','Karnataka','Bangalore','SME',2),
(22,'Customer 022','Karnataka','Bangalore','CORPORATE',2),
(23,'Customer 023','Karnataka','Bangalore','RETAIL',2),
(24,'Customer 024','Karnataka','Bangalore','SME',2),
(25,'Customer 025','Kerala','Kochi','CORPORATE',3),
(26,'Customer 026','Kerala','Kochi','RETAIL',3),
(27,'Customer 027','Kerala','Kochi','SME',3),
(28,'Customer 028','Kerala','Kochi','CORPORATE',3),
(29,'Customer 029','Kerala','Kochi','RETAIL',3),
(30,'Customer 030','Kerala','Kochi','SME',3),
(31,'Customer 031','Kerala','Kochi','CORPORATE',3),
(32,'Customer 032','Kerala','Kochi','RETAIL',3),
(33,'Customer 033','Kerala','Kochi','SME',3),
(34,'Customer 034','Kerala','Kochi','CORPORATE',3),
(35,'Customer 035','Kerala','Kochi','RETAIL',3),
(36,'Customer 036','Kerala','Kochi','SME',3),
(37,'Customer 037','Kerala','Trivandrum','CORPORATE',4),
(38,'Customer 038','Kerala','Trivandrum','RETAIL',4),
(39,'Customer 039','Kerala','Trivandrum','SME',4),
(40,'Customer 040','Kerala','Trivandrum','CORPORATE',4),
(41,'Customer 041','Kerala','Trivandrum','RETAIL',4),
(42,'Customer 042','Kerala','Trivandrum','SME',4),
(43,'Customer 043','Kerala','Trivandrum','CORPORATE',4),
(44,'Customer 044','Kerala','Trivandrum','RETAIL',4),
(45,'Customer 045','Kerala','Trivandrum','SME',4),
(46,'Customer 046','Kerala','Trivandrum','CORPORATE',4),
(47,'Customer 047','Kerala','Trivandrum','RETAIL',4),
(48,'Customer 048','Kerala','Trivandrum','SME',4),
(49,'Customer 049','Telangana','Hyderabad','CORPORATE',5),
(50,'Customer 050','Telangana','Hyderabad','RETAIL',5),
(51,'Customer 051','Telangana','Hyderabad','SME',5),
(52,'Customer 052','Telangana','Hyderabad','CORPORATE',5),
(53,'Customer 053','Telangana','Hyderabad','RETAIL',5),
(54,'Customer 054','Telangana','Hyderabad','SME',5),
(55,'Customer 055','Telangana','Hyderabad','CORPORATE',5),
(56,'Customer 056','Telangana','Hyderabad','RETAIL',5),
(57,'Customer 057','Telangana','Hyderabad','SME',5),
(58,'Customer 058','Telangana','Hyderabad','CORPORATE',5),
(59,'Customer 059','Telangana','Hyderabad','RETAIL',5),
(60,'Customer 060','Telangana','Hyderabad','SME',5),
(61,'Customer 061','Maharashtra','Mumbai','CORPORATE',6),
(62,'Customer 062','Maharashtra','Mumbai','RETAIL',6),
(63,'Customer 063','Maharashtra','Mumbai','SME',6),
(64,'Customer 064','Maharashtra','Mumbai','CORPORATE',6),
(65,'Customer 065','Maharashtra','Mumbai','RETAIL',6),
(66,'Customer 066','Maharashtra','Mumbai','SME',6),
(67,'Customer 067','Maharashtra','Mumbai','CORPORATE',6),
(68,'Customer 068','Maharashtra','Mumbai','RETAIL',6),
(69,'Customer 069','Maharashtra','Mumbai','SME',6),
(70,'Customer 070','Maharashtra','Mumbai','CORPORATE',6),
(71,'Customer 071','Maharashtra','Mumbai','RETAIL',6),
(72,'Customer 072','Maharashtra','Mumbai','SME',6),
(73,'Customer 073','Delhi','New Delhi','CORPORATE',7),
(74,'Customer 074','Delhi','New Delhi','RETAIL',7),
(75,'Customer 075','Delhi','New Delhi','SME',7),
(76,'Customer 076','Delhi','New Delhi','CORPORATE',7),
(77,'Customer 077','Delhi','New Delhi','RETAIL',7),
(78,'Customer 078','Delhi','New Delhi','SME',7),
(79,'Customer 079','Delhi','New Delhi','CORPORATE',7),
(80,'Customer 080','Delhi','New Delhi','RETAIL',7),
(81,'Customer 081','Delhi','New Delhi','SME',7),
(82,'Customer 082','Delhi','New Delhi','CORPORATE',7),
(83,'Customer 083','Delhi','New Delhi','RETAIL',7),
(84,'Customer 084','Delhi','New Delhi','SME',7),
(85,'Customer 085','West Bengal','Kolkata','CORPORATE',8),
(86,'Customer 086','West Bengal','Kolkata','RETAIL',8),
(87,'Customer 087','West Bengal','Kolkata','SME',8),
(88,'Customer 088','West Bengal','Kolkata','CORPORATE',8),
(89,'Customer 089','West Bengal','Kolkata','RETAIL',8),
(90,'Customer 090','West Bengal','Kolkata','SME',8),
(91,'Customer 091','West Bengal','Kolkata','CORPORATE',8),
(92,'Customer 092','West Bengal','Kolkata','RETAIL',8),
(93,'Customer 093','West Bengal','Kolkata','SME',8),
(94,'Customer 094','West Bengal','Kolkata','CORPORATE',8),
(95,'Customer 095','West Bengal','Kolkata','RETAIL',8),
(96,'Customer 096','West Bengal','Kolkata','SME',8);

-- CUSTOMER_ACCOUNTS
INSERT INTO CUSTOMER_ACCOUNTS (ACCOUNT_ID,CUSTOMER_ID,ACCOUNT_STATUS,CREDIT_LIMIT,OUTSTANDING_BALANCE,OPENED_DATE) VALUES
(1,1,'ACTIVE',500000.00,33399.32,'2021-06-01'),
(2,2,'ACTIVE',100000.00,13392.64,'2021-06-01'),
(3,3,'ACTIVE',500000.00,222200.32,'2021-06-01'),
(4,4,'SUSPENDED',500000.00,126576.55,'2021-06-01'),
(5,5,'ACTIVE',100000.00,13959.65,'2021-06-01'),
(6,6,'ACTIVE',500000.00,59651.30,'2021-06-01'),
(7,7,'ACTIVE',500000.00,125855.95,'2021-06-01'),
(8,8,'SUSPENDED',200000.00,97131.65,'2021-06-01'),
(9,9,'ACTIVE',100000.00,41888.36,'2021-06-01'),
(10,10,'ACTIVE',100000.00,12918.83,'2021-06-01'),
(11,11,'SUSPENDED',100000.00,5564.75,'2021-06-01'),
(12,12,'ACTIVE',200000.00,72447.12,'2021-06-01'),
(13,13,'ACTIVE',500000.00,137827.46,'2021-06-01'),
(14,14,'ACTIVE',200000.00,9456.02,'2021-06-01'),
(15,15,'ACTIVE',500000.00,185555.93,'2021-06-01'),
(16,16,'SUSPENDED',500000.00,57686.58,'2021-06-01'),
(17,17,'ACTIVE',500000.00,68369.48,'2021-06-01'),
(18,18,'ACTIVE',100000.00,51319.06,'2021-06-01'),
(19,19,'ACTIVE',200000.00,33356.83,'2021-06-01'),
(20,20,'ACTIVE',200000.00,19518.49,'2021-06-01'),
(21,21,'ACTIVE',500000.00,80093.35,'2021-06-01'),
(22,22,'ACTIVE',500000.00,21420.75,'2021-06-01'),
(23,23,'ACTIVE',500000.00,218738.04,'2021-06-01'),
(24,24,'ACTIVE',200000.00,32393.74,'2021-06-01'),
(25,25,'ACTIVE',500000.00,167084.92,'2021-06-01'),
(26,26,'SUSPENDED',100000.00,13742.88,'2021-06-01'),
(27,27,'SUSPENDED',200000.00,48139.77,'2021-06-01'),
(28,28,'ACTIVE',500000.00,262910.29,'2021-06-01'),
(29,29,'ACTIVE',500000.00,149769.38,'2021-06-01'),
(30,30,'ACTIVE',500000.00,137655.56,'2021-06-01'),
(31,31,'ACTIVE',100000.00,44699.34,'2021-06-01'),
(32,32,'ACTIVE',500000.00,175375.80,'2021-06-01'),
(33,33,'ACTIVE',200000.00,43439.57,'2021-06-01'),
(34,34,'SUSPENDED',100000.00,30571.58,'2021-06-01'),
(35,35,'ACTIVE',100000.00,51666.17,'2021-06-01'),
(36,36,'ACTIVE',100000.00,47524.76,'2021-06-01'),
(37,37,'ACTIVE',100000.00,23086.04,'2021-06-01'),
(38,38,'ACTIVE',200000.00,63493.72,'2021-06-01'),
(39,39,'ACTIVE',100000.00,40817.00,'2021-06-01'),
(40,40,'ACTIVE',500000.00,225263.34,'2021-06-01'),
(41,41,'ACTIVE',200000.00,13386.26,'2021-06-01'),
(42,42,'ACTIVE',200000.00,389.44,'2021-06-01'),
(43,43,'ACTIVE',500000.00,79016.72,'2021-06-01'),
(44,44,'ACTIVE',100000.00,30460.90,'2021-06-01'),
(45,45,'ACTIVE',500000.00,89533.44,'2021-06-01'),
(46,46,'ACTIVE',500000.00,59673.33,'2021-06-01'),
(47,47,'ACTIVE',100000.00,32362.74,'2021-06-01'),
(48,48,'ACTIVE',500000.00,275548.05,'2021-06-01'),
(49,49,'ACTIVE',200000.00,2337.21,'2021-06-01'),
(50,50,'ACTIVE',200000.00,28734.28,'2021-06-01'),
(51,51,'SUSPENDED',500000.00,284084.83,'2021-06-01'),
(52,52,'ACTIVE',200000.00,97922.79,'2021-06-01'),
(53,53,'ACTIVE',500000.00,229750.33,'2021-06-01'),
(54,54,'ACTIVE',200000.00,113621.84,'2021-06-01'),
(55,55,'ACTIVE',500000.00,261729.91,'2021-06-01'),
(56,56,'ACTIVE',100000.00,55734.81,'2021-06-01'),
(57,57,'ACTIVE',500000.00,60345.32,'2021-06-01'),
(58,58,'ACTIVE',500000.00,194963.42,'2021-06-01'),
(59,59,'ACTIVE',500000.00,135445.84,'2021-06-01'),
(60,60,'ACTIVE',100000.00,20285.13,'2021-06-01'),
(61,61,'SUSPENDED',100000.00,35306.41,'2021-06-01'),
(62,62,'ACTIVE',500000.00,189330.89,'2021-06-01'),
(63,63,'SUSPENDED',100000.00,51578.12,'2021-06-01'),
(64,64,'ACTIVE',100000.00,16708.64,'2021-06-01'),
(65,65,'ACTIVE',500000.00,39693.55,'2021-06-01'),
(66,66,'ACTIVE',500000.00,172863.49,'2021-06-01'),
(67,67,'ACTIVE',200000.00,96899.64,'2021-06-01'),
(68,68,'ACTIVE',100000.00,39538.96,'2021-06-01'),
(69,69,'ACTIVE',200000.00,56042.96,'2021-06-01'),
(70,70,'ACTIVE',500000.00,196036.65,'2021-06-01'),
(71,71,'ACTIVE',100000.00,24157.28,'2021-06-01'),
(72,72,'ACTIVE',100000.00,14919.38,'2021-06-01'),
(73,73,'ACTIVE',200000.00,16821.88,'2021-06-01'),
(74,74,'ACTIVE',200000.00,29976.77,'2021-06-01'),
(75,75,'ACTIVE',200000.00,96962.67,'2021-06-01'),
(76,76,'ACTIVE',100000.00,3035.30,'2021-06-01'),
(77,77,'ACTIVE',100000.00,58139.78,'2021-06-01'),
(78,78,'ACTIVE',100000.00,9978.67,'2021-06-01'),
(79,79,'ACTIVE',100000.00,51879.02,'2021-06-01'),
(80,80,'ACTIVE',100000.00,22738.39,'2021-06-01'),
(81,81,'ACTIVE',200000.00,111182.17,'2021-06-01'),
(82,82,'ACTIVE',200000.00,50760.90,'2021-06-01'),
(83,83,'ACTIVE',500000.00,198561.39,'2021-06-01'),
(84,84,'ACTIVE',100000.00,17802.47,'2021-06-01'),
(85,85,'SUSPENDED',500000.00,220721.15,'2021-06-01'),
(86,86,'ACTIVE',200000.00,6859.83,'2021-06-01'),
(87,87,'ACTIVE',500000.00,275816.14,'2021-06-01'),
(88,88,'SUSPENDED',100000.00,57646.73,'2021-06-01'),
(89,89,'SUSPENDED',100000.00,4111.28,'2021-06-01'),
(90,90,'ACTIVE',100000.00,24226.53,'2021-06-01'),
(91,91,'ACTIVE',500000.00,73864.60,'2021-06-01'),
(92,92,'ACTIVE',500000.00,24595.02,'2021-06-01'),
(93,93,'ACTIVE',500000.00,156834.81,'2021-06-01'),
(94,94,'ACTIVE',100000.00,40183.56,'2021-06-01'),
(95,95,'ACTIVE',200000.00,47494.30,'2021-06-01'),
(96,96,'ACTIVE',200000.00,54866.95,'2021-06-01');

-- EMPLOYEES
INSERT INTO EMPLOYEES (EMPLOYEE_ID,EMPLOYEE_NAME,BRANCH_ID,DEPARTMENT,DESIGNATION,HIRE_DATE,IS_ACTIVE) VALUES
(1,'Employee 001',1,'SALES','EXECUTIVE','2021-03-15',1),
(2,'Employee 002',1,'COLLECTIONS','SENIOR_EXECUTIVE','2021-03-15',1),
(3,'Employee 003',1,'FINANCE','MANAGER','2021-03-15',1),
(4,'Employee 004',1,'OPERATIONS','TEAM_LEAD','2021-03-15',1),
(5,'Employee 005',1,'SALES','EXECUTIVE','2021-03-15',1),
(6,'Employee 006',1,'COLLECTIONS','SENIOR_EXECUTIVE','2021-03-15',1),
(7,'Employee 007',1,'FINANCE','MANAGER','2021-03-15',1),
(8,'Employee 008',1,'OPERATIONS','TEAM_LEAD','2021-03-15',1),
(9,'Employee 009',2,'SALES','EXECUTIVE','2021-03-15',1),
(10,'Employee 010',2,'COLLECTIONS','SENIOR_EXECUTIVE','2021-03-15',1),
(11,'Employee 011',2,'FINANCE','MANAGER','2021-03-15',1),
(12,'Employee 012',2,'OPERATIONS','TEAM_LEAD','2021-03-15',1),
(13,'Employee 013',2,'SALES','EXECUTIVE','2021-03-15',1),
(14,'Employee 014',2,'COLLECTIONS','SENIOR_EXECUTIVE','2021-03-15',1),
(15,'Employee 015',2,'FINANCE','MANAGER','2021-03-15',1),
(16,'Employee 016',2,'OPERATIONS','TEAM_LEAD','2021-03-15',1),
(17,'Employee 017',3,'SALES','EXECUTIVE','2021-03-15',1),
(18,'Employee 018',3,'COLLECTIONS','SENIOR_EXECUTIVE','2021-03-15',1),
(19,'Employee 019',3,'FINANCE','MANAGER','2021-03-15',1),
(20,'Employee 020',3,'OPERATIONS','TEAM_LEAD','2021-03-15',1),
(21,'Employee 021',3,'SALES','EXECUTIVE','2021-03-15',1),
(22,'Employee 022',3,'COLLECTIONS','SENIOR_EXECUTIVE','2021-03-15',1),
(23,'Employee 023',3,'FINANCE','MANAGER','2021-03-15',1),
(24,'Employee 024',3,'OPERATIONS','TEAM_LEAD','2021-03-15',1),
(25,'Employee 025',4,'SALES','EXECUTIVE','2021-03-15',1),
(26,'Employee 026',4,'COLLECTIONS','SENIOR_EXECUTIVE','2021-03-15',1),
(27,'Employee 027',4,'FINANCE','MANAGER','2021-03-15',1),
(28,'Employee 028',4,'OPERATIONS','TEAM_LEAD','2021-03-15',1),
(29,'Employee 029',4,'SALES','EXECUTIVE','2021-03-15',1),
(30,'Employee 030',4,'COLLECTIONS','SENIOR_EXECUTIVE','2021-03-15',1),
(31,'Employee 031',4,'FINANCE','MANAGER','2021-03-15',1),
(32,'Employee 032',4,'OPERATIONS','TEAM_LEAD','2021-03-15',1),
(33,'Employee 033',5,'SALES','EXECUTIVE','2021-03-15',1),
(34,'Employee 034',5,'COLLECTIONS','SENIOR_EXECUTIVE','2021-03-15',1),
(35,'Employee 035',5,'FINANCE','MANAGER','2021-03-15',1),
(36,'Employee 036',5,'OPERATIONS','TEAM_LEAD','2021-03-15',1),
(37,'Employee 037',5,'SALES','EXECUTIVE','2021-03-15',1),
(38,'Employee 038',5,'COLLECTIONS','SENIOR_EXECUTIVE','2021-03-15',1),
(39,'Employee 039',5,'FINANCE','MANAGER','2021-03-15',1),
(40,'Employee 040',5,'OPERATIONS','TEAM_LEAD','2021-03-15',1),
(41,'Employee 041',6,'SALES','EXECUTIVE','2021-03-15',1),
(42,'Employee 042',6,'COLLECTIONS','SENIOR_EXECUTIVE','2021-03-15',1),
(43,'Employee 043',6,'FINANCE','MANAGER','2021-03-15',1),
(44,'Employee 044',6,'OPERATIONS','TEAM_LEAD','2021-03-15',1),
(45,'Employee 045',6,'SALES','EXECUTIVE','2021-03-15',1),
(46,'Employee 046',6,'COLLECTIONS','SENIOR_EXECUTIVE','2021-03-15',1),
(47,'Employee 047',6,'FINANCE','MANAGER','2021-03-15',1),
(48,'Employee 048',6,'OPERATIONS','TEAM_LEAD','2021-03-15',1),
(49,'Employee 049',7,'SALES','EXECUTIVE','2021-03-15',1),
(50,'Employee 050',7,'COLLECTIONS','SENIOR_EXECUTIVE','2021-03-15',1),
(51,'Employee 051',7,'FINANCE','MANAGER','2021-03-15',1),
(52,'Employee 052',7,'OPERATIONS','TEAM_LEAD','2021-03-15',1),
(53,'Employee 053',7,'SALES','EXECUTIVE','2021-03-15',1),
(54,'Employee 054',7,'COLLECTIONS','SENIOR_EXECUTIVE','2021-03-15',1),
(55,'Employee 055',7,'FINANCE','MANAGER','2021-03-15',1),
(56,'Employee 056',7,'OPERATIONS','TEAM_LEAD','2021-03-15',1),
(57,'Employee 057',8,'SALES','EXECUTIVE','2021-03-15',1),
(58,'Employee 058',8,'COLLECTIONS','SENIOR_EXECUTIVE','2021-03-15',1),
(59,'Employee 059',8,'FINANCE','MANAGER','2021-03-15',1),
(60,'Employee 060',8,'OPERATIONS','TEAM_LEAD','2021-03-15',1),
(61,'Employee 061',8,'SALES','EXECUTIVE','2021-03-15',1),
(62,'Employee 062',8,'COLLECTIONS','SENIOR_EXECUTIVE','2021-03-15',1),
(63,'Employee 063',8,'FINANCE','MANAGER','2021-03-15',1),
(64,'Employee 064',8,'OPERATIONS','TEAM_LEAD','2021-03-15',1);

-- EMPLOYEE_PERFORMANCE (Q1 & Q2 FY2026)
INSERT INTO EMPLOYEE_PERFORMANCE (PERFORMANCE_ID,EMPLOYEE_ID,FISCAL_QUARTER,FISCAL_YEAR,SALES_TARGET,SALES_ACHIEVED,PERFORMANCE_SCORE) VALUES
(1,1,'Q1',2026,500000.00,352561.75,70.51),
(2,1,'Q2',2026,1000000.00,1398995.39,100.00),
(3,2,'Q1',2026,500000.00,370146.70,74.03),
(4,2,'Q2',2026,500000.00,539412.53,100.00),
(5,3,'Q1',2026,500000.00,606646.33,100.00),
(6,3,'Q2',2026,500000.00,660762.83,100.00),
(7,4,'Q1',2026,750000.00,642557.30,85.67),
(8,4,'Q2',2026,750000.00,968950.67,100.00),
(9,5,'Q1',2026,1000000.00,866384.43,86.64),
(10,5,'Q2',2026,1000000.00,1093811.45,100.00),
(11,6,'Q1',2026,1000000.00,1149407.27,100.00),
(12,6,'Q2',2026,750000.00,1016731.07,100.00),
(13,7,'Q1',2026,500000.00,608205.75,100.00),
(14,7,'Q2',2026,500000.00,460951.42,92.19),
(15,8,'Q1',2026,500000.00,554164.59,100.00),
(16,8,'Q2',2026,500000.00,463513.17,92.70),
(17,9,'Q1',2026,1000000.00,815846.31,81.58),
(18,9,'Q2',2026,750000.00,661753.69,88.23),
(19,10,'Q1',2026,1000000.00,1169102.05,100.00),
(20,10,'Q2',2026,1000000.00,1067545.70,100.00),
(21,11,'Q1',2026,500000.00,375382.08,75.08),
(22,11,'Q2',2026,750000.00,966807.19,100.00),
(23,12,'Q1',2026,500000.00,350975.06,70.20),
(24,12,'Q2',2026,500000.00,582061.85,100.00),
(25,13,'Q1',2026,750000.00,591652.57,78.89),
(26,13,'Q2',2026,750000.00,831444.21,100.00),
(27,14,'Q1',2026,750000.00,756374.08,100.00),
(28,14,'Q2',2026,500000.00,399454.25,79.89),
(29,15,'Q1',2026,1000000.00,1197160.71,100.00),
(30,15,'Q2',2026,1000000.00,773418.29,77.34),
(31,16,'Q1',2026,750000.00,765285.20,100.00),
(32,16,'Q2',2026,500000.00,514680.68,100.00),
(33,17,'Q1',2026,500000.00,434771.05,86.95),
(34,17,'Q2',2026,500000.00,667150.51,100.00),
(35,18,'Q1',2026,500000.00,537568.34,100.00),
(36,18,'Q2',2026,1000000.00,816815.85,81.68),
(37,19,'Q1',2026,1000000.00,1186274.09,100.00),
(38,19,'Q2',2026,750000.00,1037245.55,100.00),
(39,20,'Q1',2026,1000000.00,785004.34,78.50),
(40,20,'Q2',2026,500000.00,655996.85,100.00),
(41,21,'Q1',2026,500000.00,592389.46,100.00),
(42,21,'Q2',2026,500000.00,433292.22,86.66),
(43,22,'Q1',2026,750000.00,847734.43,100.00),
(44,22,'Q2',2026,750000.00,953589.63,100.00),
(45,23,'Q1',2026,1000000.00,1145912.12,100.00),
(46,23,'Q2',2026,750000.00,640108.95,85.35),
(47,24,'Q1',2026,1000000.00,759452.59,75.95),
(48,24,'Q2',2026,500000.00,654042.81,100.00),
(49,25,'Q1',2026,500000.00,404882.53,80.98),
(50,25,'Q2',2026,750000.00,732958.48,97.73),
(51,26,'Q1',2026,500000.00,411303.98,82.26),
(52,26,'Q2',2026,1000000.00,875534.36,87.55),
(53,27,'Q1',2026,750000.00,639923.76,85.32),
(54,27,'Q2',2026,500000.00,689238.96,100.00),
(55,28,'Q1',2026,750000.00,669847.78,89.31),
(56,28,'Q2',2026,1000000.00,1009790.95,100.00),
(57,29,'Q1',2026,1000000.00,882132.43,88.21),
(58,29,'Q2',2026,500000.00,412486.07,82.50),
(59,30,'Q1',2026,750000.00,598659.22,79.82),
(60,30,'Q2',2026,750000.00,581150.38,77.49),
(61,31,'Q1',2026,1000000.00,939010.07,93.90),
(62,31,'Q2',2026,1000000.00,1261178.32,100.00),
(63,32,'Q1',2026,750000.00,775061.15,100.00),
(64,32,'Q2',2026,1000000.00,825169.76,82.52),
(65,33,'Q1',2026,1000000.00,804543.33,80.45),
(66,33,'Q2',2026,500000.00,605355.22,100.00),
(67,34,'Q1',2026,500000.00,492978.10,98.60),
(68,34,'Q2',2026,1000000.00,1196457.15,100.00),
(69,35,'Q1',2026,1000000.00,1105370.73,100.00),
(70,35,'Q2',2026,500000.00,493371.98,98.67),
(71,36,'Q1',2026,500000.00,610940.48,100.00),
(72,36,'Q2',2026,750000.00,866288.26,100.00),
(73,37,'Q1',2026,1000000.00,1166408.40,100.00),
(74,37,'Q2',2026,1000000.00,1335030.44,100.00),
(75,38,'Q1',2026,1000000.00,870106.56,87.01),
(76,38,'Q2',2026,750000.00,721514.17,96.20),
(77,39,'Q1',2026,1000000.00,862610.36,86.26),
(78,39,'Q2',2026,500000.00,437348.03,87.47),
(79,40,'Q1',2026,1000000.00,1217200.02,100.00),
(80,40,'Q2',2026,1000000.00,1236287.46,100.00),
(81,41,'Q1',2026,500000.00,519266.60,100.00),
(82,41,'Q2',2026,750000.00,760461.64,100.00),
(83,42,'Q1',2026,500000.00,433565.61,86.71),
(84,42,'Q2',2026,500000.00,514713.65,100.00),
(85,43,'Q1',2026,1000000.00,1033663.86,100.00),
(86,43,'Q2',2026,750000.00,789181.74,100.00),
(87,44,'Q1',2026,750000.00,803696.23,100.00),
(88,44,'Q2',2026,1000000.00,1057571.02,100.00),
(89,45,'Q1',2026,1000000.00,793330.27,79.33),
(90,45,'Q2',2026,500000.00,467230.58,93.45),
(91,46,'Q1',2026,1000000.00,1048117.47,100.00),
(92,46,'Q2',2026,750000.00,608026.26,81.07),
(93,47,'Q1',2026,500000.00,535018.81,100.00),
(94,47,'Q2',2026,500000.00,637132.94,100.00),
(95,48,'Q1',2026,500000.00,356716.98,71.34),
(96,48,'Q2',2026,500000.00,694779.21,100.00),
(97,49,'Q1',2026,1000000.00,1167355.73,100.00),
(98,49,'Q2',2026,500000.00,523010.25,100.00),
(99,50,'Q1',2026,1000000.00,1016618.99,100.00),
(100,50,'Q2',2026,1000000.00,1202630.26,100.00),
(101,51,'Q1',2026,750000.00,689856.81,91.98),
(102,51,'Q2',2026,500000.00,588218.85,100.00),
(103,52,'Q1',2026,500000.00,595481.45,100.00),
(104,52,'Q2',2026,500000.00,627986.63,100.00),
(105,53,'Q1',2026,500000.00,398368.84,79.67),
(106,53,'Q2',2026,1000000.00,1086672.54,100.00),
(107,54,'Q1',2026,500000.00,503286.59,100.00),
(108,54,'Q2',2026,500000.00,523350.09,100.00),
(109,55,'Q1',2026,750000.00,800375.81,100.00),
(110,55,'Q2',2026,1000000.00,1137044.01,100.00),
(111,56,'Q1',2026,750000.00,777719.08,100.00),
(112,56,'Q2',2026,1000000.00,1329813.19,100.00),
(113,57,'Q1',2026,750000.00,867609.78,100.00),
(114,57,'Q2',2026,1000000.00,1039843.85,100.00),
(115,58,'Q1',2026,500000.00,554505.25,100.00),
(116,58,'Q2',2026,750000.00,781909.01,100.00),
(117,59,'Q1',2026,500000.00,580962.29,100.00),
(118,59,'Q2',2026,750000.00,935834.17,100.00),
(119,60,'Q1',2026,1000000.00,966528.36,96.65),
(120,60,'Q2',2026,500000.00,464244.17,92.85),
(121,61,'Q1',2026,500000.00,546224.84,100.00),
(122,61,'Q2',2026,500000.00,463307.41,92.66),
(123,62,'Q1',2026,750000.00,893373.57,100.00),
(124,62,'Q2',2026,500000.00,419971.57,83.99),
(125,63,'Q1',2026,500000.00,455334.71,91.07),
(126,63,'Q2',2026,500000.00,604586.22,100.00),
(127,64,'Q1',2026,500000.00,464088.67,92.82),
(128,64,'Q2',2026,750000.00,827022.93,100.00);

-- COLLECTIONS (12 months x branches)
INSERT INTO COLLECTIONS (COLLECTION_ID,BRANCH_ID,CUSTOMER_ID,COLLECTION_DATE,COLLECTION_MONTH,COLLECTION_AMOUNT,PAYMENT_MODE) VALUES
(1,1,1,'2025-08-07','2025-08',109170.01,'CARD'),
(2,1,2,'2025-08-25','2025-08',108286.42,'BANK_TRANSFER'),
(3,1,3,'2025-08-25','2025-08',123986.20,'CARD'),
(4,1,4,'2025-08-12','2025-08',111226.52,'CHEQUE'),
(5,1,5,'2025-08-27','2025-08',120516.76,'CARD'),
(6,1,1,'2025-09-24','2025-09',115001.66,'UPI'),
(7,1,2,'2025-09-09','2025-09',113296.50,'CARD'),
(8,1,3,'2025-09-13','2025-09',113208.24,'CHEQUE'),
(9,1,4,'2025-09-26','2025-09',119458.16,'CARD'),
(10,1,5,'2025-09-27','2025-09',121344.67,'CARD'),
(11,1,1,'2025-10-20','2025-10',129948.97,'BANK_TRANSFER'),
(12,1,2,'2025-10-19','2025-10',129512.23,'BANK_TRANSFER'),
(13,1,3,'2025-10-14','2025-10',101015.26,'UPI'),
(14,1,4,'2025-10-06','2025-10',128124.49,'BANK_TRANSFER'),
(15,1,5,'2025-10-11','2025-10',107116.75,'UPI'),
(16,1,1,'2025-11-11','2025-11',115579.17,'CARD'),
(17,1,2,'2025-11-27','2025-11',109376.95,'CARD'),
(18,1,3,'2025-11-03','2025-11',108463.54,'CARD'),
(19,1,4,'2025-11-18','2025-11',100277.18,'BANK_TRANSFER'),
(20,1,5,'2025-11-12','2025-11',134744.05,'UPI'),
(21,1,1,'2025-12-25','2025-12',124305.74,'BANK_TRANSFER'),
(22,1,2,'2025-12-08','2025-12',128020.10,'UPI'),
(23,1,3,'2025-12-20','2025-12',131053.11,'UPI'),
(24,1,4,'2025-12-16','2025-12',109618.08,'BANK_TRANSFER'),
(25,1,5,'2025-12-07','2025-12',121230.66,'CARD'),
(26,1,1,'2026-01-25','2026-01',127976.95,'CHEQUE'),
(27,1,2,'2026-01-20','2026-01',108716.79,'BANK_TRANSFER'),
(28,1,3,'2026-01-06','2026-01',130814.37,'CHEQUE'),
(29,1,4,'2026-01-01','2026-01',106554.49,'CHEQUE'),
(30,1,5,'2026-01-13','2026-01',123497.02,'CARD'),
(31,1,1,'2026-02-07','2026-02',138816.80,'BANK_TRANSFER'),
(32,1,2,'2026-02-27','2026-02',125968.77,'UPI'),
(33,1,3,'2026-02-25','2026-02',107942.00,'CHEQUE'),
(34,1,4,'2026-02-20','2026-02',135463.80,'BANK_TRANSFER'),
(35,1,5,'2026-02-19','2026-02',133475.54,'BANK_TRANSFER'),
(36,1,1,'2026-03-14','2026-03',118736.12,'CHEQUE'),
(37,1,2,'2026-03-21','2026-03',108348.57,'CHEQUE'),
(38,1,3,'2026-03-14','2026-03',106246.60,'CARD'),
(39,1,4,'2026-03-12','2026-03',109714.26,'CARD'),
(40,1,5,'2026-03-14','2026-03',132179.59,'UPI'),
(41,1,1,'2026-04-21','2026-04',135187.29,'CHEQUE'),
(42,1,2,'2026-04-18','2026-04',130719.76,'CARD'),
(43,1,3,'2026-04-27','2026-04',124995.69,'CHEQUE'),
(44,1,4,'2026-04-08','2026-04',119592.59,'BANK_TRANSFER'),
(45,1,5,'2026-04-15','2026-04',117948.71,'UPI'),
(46,1,1,'2026-05-19','2026-05',137878.57,'CARD'),
(47,1,2,'2026-05-16','2026-05',121947.83,'CHEQUE'),
(48,1,3,'2026-05-07','2026-05',116001.63,'CHEQUE'),
(49,1,4,'2026-05-11','2026-05',139700.48,'CHEQUE'),
(50,1,5,'2026-05-23','2026-05',142873.99,'CHEQUE'),
(51,1,1,'2026-06-17','2026-06',132365.27,'UPI'),
(52,1,2,'2026-06-24','2026-06',114002.05,'CARD'),
(53,1,3,'2026-06-25','2026-06',129740.20,'UPI'),
(54,1,4,'2026-06-21','2026-06',137630.72,'CARD'),
(55,1,5,'2026-06-01','2026-06',128162.22,'BANK_TRANSFER'),
(56,1,1,'2026-07-13','2026-07',124001.85,'UPI'),
(57,1,2,'2026-07-19','2026-07',124476.46,'CHEQUE'),
(58,1,3,'2026-07-17','2026-07',131099.83,'CHEQUE'),
(59,1,4,'2026-07-24','2026-07',129206.38,'CHEQUE'),
(60,1,5,'2026-07-15','2026-07',126284.58,'CHEQUE'),
(61,2,13,'2025-08-08','2025-08',120574.32,'BANK_TRANSFER'),
(62,2,14,'2025-08-11','2025-08',136497.32,'BANK_TRANSFER'),
(63,2,15,'2025-08-25','2025-08',137326.63,'UPI'),
(64,2,16,'2025-08-24','2025-08',116155.17,'CARD'),
(65,2,17,'2025-08-19','2025-08',119417.59,'CHEQUE'),
(66,2,13,'2025-09-27','2025-09',145630.13,'UPI'),
(67,2,14,'2025-09-12','2025-09',119501.77,'UPI'),
(68,2,15,'2025-09-23','2025-09',119731.68,'UPI'),
(69,2,16,'2025-09-02','2025-09',118664.18,'CHEQUE'),
(70,2,17,'2025-09-05','2025-09',134820.32,'CARD'),
(71,2,13,'2025-10-01','2025-10',111478.15,'CHEQUE'),
(72,2,14,'2025-10-15','2025-10',125406.05,'CHEQUE'),
(73,2,15,'2025-10-02','2025-10',114583.22,'CHEQUE'),
(74,2,16,'2025-10-16','2025-10',143315.43,'BANK_TRANSFER'),
(75,2,17,'2025-10-13','2025-10',138798.93,'CARD'),
(76,2,13,'2025-11-21','2025-11',109776.55,'BANK_TRANSFER'),
(77,2,14,'2025-11-26','2025-11',112708.21,'CHEQUE'),
(78,2,15,'2025-11-08','2025-11',110195.61,'BANK_TRANSFER'),
(79,2,16,'2025-11-14','2025-11',128050.80,'UPI'),
(80,2,17,'2025-11-13','2025-11',136267.59,'CARD'),
(81,2,13,'2025-12-10','2025-12',140489.70,'CARD'),
(82,2,14,'2025-12-20','2025-12',117845.02,'BANK_TRANSFER'),
(83,2,15,'2025-12-24','2025-12',129268.30,'BANK_TRANSFER'),
(84,2,16,'2025-12-07','2025-12',141957.20,'UPI'),
(85,2,17,'2025-12-03','2025-12',116315.63,'UPI'),
(86,2,13,'2026-01-18','2026-01',114737.99,'BANK_TRANSFER'),
(87,2,14,'2026-01-14','2026-01',111626.76,'CARD'),
(88,2,15,'2026-01-16','2026-01',131520.31,'CHEQUE'),
(89,2,16,'2026-01-10','2026-01',107001.22,'CHEQUE'),
(90,2,17,'2026-01-15','2026-01',132028.68,'BANK_TRANSFER'),
(91,2,13,'2026-02-09','2026-02',130708.84,'UPI'),
(92,2,14,'2026-02-18','2026-02',120972.80,'UPI'),
(93,2,15,'2026-02-09','2026-02',129233.09,'UPI'),
(94,2,16,'2026-02-06','2026-02',107840.38,'CHEQUE'),
(95,2,17,'2026-02-27','2026-02',127280.63,'CHEQUE'),
(96,2,13,'2026-03-15','2026-03',120811.61,'CHEQUE'),
(97,2,14,'2026-03-09','2026-03',130431.55,'CARD'),
(98,2,15,'2026-03-20','2026-03',120760.12,'BANK_TRANSFER'),
(99,2,16,'2026-03-24','2026-03',137434.37,'CHEQUE'),
(100,2,17,'2026-03-01','2026-03',126886.74,'BANK_TRANSFER'),
(101,2,13,'2026-04-22','2026-04',112416.38,'BANK_TRANSFER'),
(102,2,14,'2026-04-22','2026-04',140707.09,'CHEQUE'),
(103,2,15,'2026-04-25','2026-04',125166.69,'UPI'),
(104,2,16,'2026-04-21','2026-04',121284.72,'CARD'),
(105,2,17,'2026-04-06','2026-04',137641.80,'CARD'),
(106,2,13,'2026-05-16','2026-05',126601.48,'BANK_TRANSFER'),
(107,2,14,'2026-05-14','2026-05',120586.50,'CHEQUE'),
(108,2,15,'2026-05-04','2026-05',115149.09,'UPI'),
(109,2,16,'2026-05-23','2026-05',115468.34,'CARD'),
(110,2,17,'2026-05-13','2026-05',113950.27,'BANK_TRANSFER'),
(111,2,13,'2026-06-11','2026-06',85938.41,'CHEQUE'),
(112,2,14,'2026-06-25','2026-06',82500.21,'CARD'),
(113,2,15,'2026-06-27','2026-06',96656.27,'BANK_TRANSFER'),
(114,2,16,'2026-06-18','2026-06',91239.64,'CARD'),
(115,2,17,'2026-06-07','2026-06',84851.73,'CHEQUE'),
(116,2,13,'2026-07-16','2026-07',124746.59,'CARD'),
(117,2,14,'2026-07-07','2026-07',129704.62,'CHEQUE'),
(118,2,15,'2026-07-10','2026-07',122096.63,'CARD'),
(119,2,16,'2026-07-16','2026-07',134067.04,'BANK_TRANSFER'),
(120,2,17,'2026-07-21','2026-07',103314.07,'UPI'),
(121,3,25,'2025-08-10','2025-08',153062.62,'BANK_TRANSFER'),
(122,3,26,'2025-08-03','2025-08',146257.26,'UPI'),
(123,3,27,'2025-08-04','2025-08',165265.51,'CARD'),
(124,3,28,'2025-08-21','2025-08',163313.02,'UPI'),
(125,3,29,'2025-08-23','2025-08',143929.82,'CHEQUE'),
(126,3,25,'2025-09-09','2025-09',145025.10,'CARD'),
(127,3,26,'2025-09-16','2025-09',159164.48,'UPI'),
(128,3,27,'2025-09-05','2025-09',142765.00,'CARD'),
(129,3,28,'2025-09-20','2025-09',131215.08,'UPI'),
(130,3,29,'2025-09-09','2025-09',160436.00,'CARD'),
(131,3,25,'2025-10-26','2025-10',138304.07,'CHEQUE'),
(132,3,26,'2025-10-10','2025-10',159254.22,'CHEQUE'),
(133,3,27,'2025-10-19','2025-10',159991.96,'CARD'),
(134,3,28,'2025-10-15','2025-10',161202.96,'CARD'),
(135,3,29,'2025-10-18','2025-10',138532.84,'CARD'),
(136,3,25,'2025-11-11','2025-11',143973.97,'UPI'),
(137,3,26,'2025-11-08','2025-11',166976.61,'CARD'),
(138,3,27,'2025-11-25','2025-11',134264.64,'CARD'),
(139,3,28,'2025-11-24','2025-11',125950.41,'CARD'),
(140,3,29,'2025-11-26','2025-11',154913.53,'CARD'),
(141,3,25,'2025-12-22','2025-12',141568.14,'UPI'),
(142,3,26,'2025-12-02','2025-12',146372.21,'UPI'),
(143,3,27,'2025-12-19','2025-12',146678.38,'CHEQUE'),
(144,3,28,'2025-12-15','2025-12',162834.57,'BANK_TRANSFER'),
(145,3,29,'2025-12-15','2025-12',147718.78,'BANK_TRANSFER'),
(146,3,25,'2026-01-14','2026-01',157054.28,'UPI'),
(147,3,26,'2026-01-26','2026-01',128449.90,'CHEQUE'),
(148,3,27,'2026-01-23','2026-01',140098.66,'CARD'),
(149,3,28,'2026-01-11','2026-01',153847.31,'CARD'),
(150,3,29,'2026-01-21','2026-01',167288.00,'CARD'),
(151,3,25,'2026-02-02','2026-02',164404.51,'BANK_TRANSFER'),
(152,3,26,'2026-02-22','2026-02',136116.75,'CHEQUE'),
(153,3,27,'2026-02-24','2026-02',169952.05,'BANK_TRANSFER'),
(154,3,28,'2026-02-04','2026-02',144954.33,'BANK_TRANSFER'),
(155,3,29,'2026-02-23','2026-02',145384.99,'CHEQUE'),
(156,3,25,'2026-03-02','2026-03',166518.60,'CHEQUE'),
(157,3,26,'2026-03-10','2026-03',161737.93,'CHEQUE'),
(158,3,27,'2026-03-05','2026-03',142963.71,'UPI'),
(159,3,28,'2026-03-19','2026-03',149929.93,'UPI'),
(160,3,29,'2026-03-03','2026-03',133834.79,'CARD'),
(161,3,25,'2026-04-08','2026-04',154559.68,'CARD'),
(162,3,26,'2026-04-05','2026-04',167679.80,'UPI'),
(163,3,27,'2026-04-09','2026-04',147462.45,'CARD'),
(164,3,28,'2026-04-01','2026-04',138249.72,'CARD'),
(165,3,29,'2026-04-22','2026-04',167159.70,'UPI'),
(166,3,25,'2026-05-12','2026-05',130705.74,'CHEQUE'),
(167,3,26,'2026-05-14','2026-05',156111.25,'CHEQUE'),
(168,3,27,'2026-05-10','2026-05',147924.01,'UPI'),
(169,3,28,'2026-05-16','2026-05',172316.18,'BANK_TRANSFER'),
(170,3,29,'2026-05-19','2026-05',138049.57,'CHEQUE'),
(171,3,25,'2026-06-23','2026-06',153909.29,'CHEQUE'),
(172,3,26,'2026-06-27','2026-06',128941.99,'CARD'),
(173,3,27,'2026-06-19','2026-06',140346.54,'BANK_TRANSFER'),
(174,3,28,'2026-06-24','2026-06',169074.00,'CARD'),
(175,3,29,'2026-06-10','2026-06',165561.60,'UPI'),
(176,3,25,'2026-07-12','2026-07',156056.47,'UPI'),
(177,3,26,'2026-07-20','2026-07',157396.99,'CHEQUE'),
(178,3,27,'2026-07-24','2026-07',159263.40,'UPI'),
(179,3,28,'2026-07-21','2026-07',157017.33,'BANK_TRANSFER'),
(180,3,29,'2026-07-15','2026-07',142533.20,'BANK_TRANSFER'),
(181,4,37,'2025-08-24','2025-08',163819.54,'UPI'),
(182,4,38,'2025-08-10','2025-08',140326.40,'CHEQUE'),
(183,4,39,'2025-08-06','2025-08',171879.08,'UPI'),
(184,4,40,'2025-08-18','2025-08',142343.67,'CHEQUE'),
(185,4,41,'2025-08-09','2025-08',161480.91,'UPI'),
(186,4,37,'2025-09-27','2025-09',148601.84,'CARD'),
(187,4,38,'2025-09-10','2025-09',182763.16,'CHEQUE'),
(188,4,39,'2025-09-15','2025-09',174917.77,'BANK_TRANSFER'),
(189,4,40,'2025-09-08','2025-09',143013.56,'CARD'),
(190,4,41,'2025-09-26','2025-09',182757.66,'CHEQUE'),
(191,4,37,'2025-10-13','2025-10',140840.72,'BANK_TRANSFER'),
(192,4,38,'2025-10-04','2025-10',149230.35,'CARD'),
(193,4,39,'2025-10-24','2025-10',154246.47,'CHEQUE'),
(194,4,40,'2025-10-27','2025-10',164650.64,'CHEQUE'),
(195,4,41,'2025-10-08','2025-10',141709.92,'CARD'),
(196,4,37,'2025-11-18','2025-11',137944.17,'CHEQUE'),
(197,4,38,'2025-11-08','2025-11',180906.68,'BANK_TRANSFER'),
(198,4,39,'2025-11-15','2025-11',167401.04,'CHEQUE'),
(199,4,40,'2025-11-04','2025-11',168068.74,'UPI'),
(200,4,41,'2025-11-02','2025-11',138924.92,'CHEQUE'),
(201,4,37,'2025-12-04','2025-12',185132.86,'BANK_TRANSFER'),
(202,4,38,'2025-12-18','2025-12',148334.72,'UPI'),
(203,4,39,'2025-12-12','2025-12',155772.68,'CARD'),
(204,4,40,'2025-12-24','2025-12',165378.95,'UPI'),
(205,4,41,'2025-12-21','2025-12',179789.87,'BANK_TRANSFER'),
(206,4,37,'2026-01-20','2026-01',177608.79,'CARD'),
(207,4,38,'2026-01-09','2026-01',182711.79,'BANK_TRANSFER'),
(208,4,39,'2026-01-07','2026-01',170662.75,'CARD'),
(209,4,40,'2026-01-08','2026-01',158768.09,'CHEQUE'),
(210,4,41,'2026-01-22','2026-01',142041.83,'CHEQUE'),
(211,4,37,'2026-02-21','2026-02',163895.14,'CHEQUE'),
(212,4,38,'2026-02-09','2026-02',140414.92,'UPI'),
(213,4,39,'2026-02-27','2026-02',184455.59,'CARD'),
(214,4,40,'2026-02-07','2026-02',141925.07,'BANK_TRANSFER'),
(215,4,41,'2026-02-11','2026-02',139931.09,'UPI'),
(216,4,37,'2026-03-26','2026-03',185789.98,'UPI'),
(217,4,38,'2026-03-25','2026-03',141059.72,'UPI'),
(218,4,39,'2026-03-27','2026-03',166228.00,'UPI'),
(219,4,40,'2026-03-05','2026-03',153695.53,'BANK_TRANSFER'),
(220,4,41,'2026-03-05','2026-03',151202.64,'UPI'),
(221,4,37,'2026-04-26','2026-04',164279.32,'UPI'),
(222,4,38,'2026-04-01','2026-04',143325.84,'UPI'),
(223,4,39,'2026-04-26','2026-04',138696.47,'UPI'),
(224,4,40,'2026-04-01','2026-04',166647.79,'UPI'),
(225,4,41,'2026-04-05','2026-04',150895.25,'CARD'),
(226,4,37,'2026-05-24','2026-05',163886.02,'BANK_TRANSFER'),
(227,4,38,'2026-05-25','2026-05',161454.64,'CHEQUE'),
(228,4,39,'2026-05-04','2026-05',163259.26,'CARD'),
(229,4,40,'2026-05-20','2026-05',162800.73,'BANK_TRANSFER'),
(230,4,41,'2026-05-22','2026-05',173699.29,'CHEQUE'),
(231,4,37,'2026-06-01','2026-06',160855.92,'BANK_TRANSFER'),
(232,4,38,'2026-06-13','2026-06',187273.37,'CARD'),
(233,4,39,'2026-06-16','2026-06',172001.41,'CARD'),
(234,4,40,'2026-06-03','2026-06',142062.13,'CHEQUE'),
(235,4,41,'2026-06-03','2026-06',168199.17,'UPI'),
(236,4,37,'2026-07-21','2026-07',152184.78,'CHEQUE'),
(237,4,38,'2026-07-20','2026-07',157369.08,'CHEQUE'),
(238,4,39,'2026-07-20','2026-07',160933.91,'CARD'),
(239,4,40,'2026-07-23','2026-07',143575.78,'BANK_TRANSFER'),
(240,4,41,'2026-07-21','2026-07',180472.73,'UPI'),
(241,5,49,'2025-08-08','2025-08',172307.69,'CARD'),
(242,5,50,'2025-08-15','2025-08',167495.59,'CARD'),
(243,5,51,'2025-08-04','2025-08',171564.25,'CHEQUE'),
(244,5,52,'2025-08-22','2025-08',172133.14,'CHEQUE'),
(245,5,53,'2025-08-05','2025-08',169363.09,'CARD'),
(246,5,49,'2025-09-27','2025-09',154219.87,'BANK_TRANSFER'),
(247,5,50,'2025-09-04','2025-09',155607.45,'CHEQUE'),
(248,5,51,'2025-09-18','2025-09',193812.69,'BANK_TRANSFER'),
(249,5,52,'2025-09-18','2025-09',181833.10,'CHEQUE'),
(250,5,53,'2025-09-14','2025-09',186275.42,'CHEQUE'),
(251,5,49,'2025-10-25','2025-10',198484.50,'CARD'),
(252,5,50,'2025-10-24','2025-10',198189.20,'BANK_TRANSFER'),
(253,5,51,'2025-10-20','2025-10',203560.01,'CHEQUE'),
(254,5,52,'2025-10-19','2025-10',170536.61,'UPI'),
(255,5,53,'2025-10-16','2025-10',159992.93,'UPI'),
(256,5,49,'2025-11-12','2025-11',198458.21,'CHEQUE'),
(257,5,50,'2025-11-09','2025-11',158967.81,'UPI'),
(258,5,51,'2025-11-18','2025-11',196298.53,'BANK_TRANSFER'),
(259,5,52,'2025-11-22','2025-11',185610.17,'CHEQUE'),
(260,5,53,'2025-11-09','2025-11',154334.35,'CHEQUE'),
(261,5,49,'2025-12-12','2025-12',203883.94,'BANK_TRANSFER'),
(262,5,50,'2025-12-05','2025-12',163695.87,'CARD'),
(263,5,51,'2025-12-24','2025-12',157624.20,'BANK_TRANSFER'),
(264,5,52,'2025-12-17','2025-12',158828.12,'UPI'),
(265,5,53,'2025-12-15','2025-12',174272.62,'CHEQUE'),
(266,5,49,'2026-01-10','2026-01',163533.07,'CHEQUE'),
(267,5,50,'2026-01-19','2026-01',197403.14,'BANK_TRANSFER'),
(268,5,51,'2026-01-05','2026-01',203226.90,'UPI'),
(269,5,52,'2026-01-02','2026-01',196178.33,'BANK_TRANSFER'),
(270,5,53,'2026-01-22','2026-01',169804.48,'CARD'),
(271,5,49,'2026-02-15','2026-02',182756.01,'CARD'),
(272,5,50,'2026-02-25','2026-02',171055.26,'BANK_TRANSFER'),
(273,5,51,'2026-02-04','2026-02',175020.18,'CHEQUE'),
(274,5,52,'2026-02-19','2026-02',193358.86,'CARD'),
(275,5,53,'2026-02-10','2026-02',185028.62,'BANK_TRANSFER'),
(276,5,49,'2026-03-20','2026-03',169336.87,'BANK_TRANSFER'),
(277,5,50,'2026-03-10','2026-03',157535.32,'UPI'),
(278,5,51,'2026-03-25','2026-03',199658.80,'CHEQUE'),
(279,5,52,'2026-03-04','2026-03',173158.99,'BANK_TRANSFER'),
(280,5,53,'2026-03-14','2026-03',184689.22,'UPI'),
(281,5,49,'2026-04-18','2026-04',165425.81,'UPI'),
(282,5,50,'2026-04-27','2026-04',186146.57,'CHEQUE'),
(283,5,51,'2026-04-24','2026-04',162236.80,'BANK_TRANSFER'),
(284,5,52,'2026-04-15','2026-04',182570.45,'BANK_TRANSFER'),
(285,5,53,'2026-04-19','2026-04',206351.99,'CARD'),
(286,5,49,'2026-05-23','2026-05',191566.13,'CARD'),
(287,5,50,'2026-05-13','2026-05',175602.85,'BANK_TRANSFER'),
(288,5,51,'2026-05-06','2026-05',213653.91,'CARD'),
(289,5,52,'2026-05-12','2026-05',206109.11,'BANK_TRANSFER'),
(290,5,53,'2026-05-04','2026-05',183879.95,'UPI'),
(291,5,49,'2026-06-13','2026-06',185112.35,'BANK_TRANSFER'),
(292,5,50,'2026-06-10','2026-06',182852.40,'CHEQUE'),
(293,5,51,'2026-06-25','2026-06',172988.38,'UPI'),
(294,5,52,'2026-06-21','2026-06',164766.63,'BANK_TRANSFER'),
(295,5,53,'2026-06-07','2026-06',190487.80,'CHEQUE'),
(296,5,49,'2026-07-27','2026-07',181589.11,'UPI'),
(297,5,50,'2026-07-05','2026-07',175040.99,'CHEQUE'),
(298,5,51,'2026-07-20','2026-07',172817.23,'UPI'),
(299,5,52,'2026-07-21','2026-07',204918.52,'BANK_TRANSFER'),
(300,5,53,'2026-07-25','2026-07',171669.58,'CARD'),
(301,6,61,'2025-08-19','2025-08',189923.70,'CARD'),
(302,6,62,'2025-08-19','2025-08',202433.29,'CHEQUE'),
(303,6,63,'2025-08-21','2025-08',212980.62,'CHEQUE'),
(304,6,64,'2025-08-03','2025-08',171895.15,'CARD'),
(305,6,65,'2025-08-10','2025-08',188671.18,'CHEQUE'),
(306,6,61,'2025-09-12','2025-09',198982.43,'BANK_TRANSFER'),
(307,6,62,'2025-09-15','2025-09',182655.28,'BANK_TRANSFER'),
(308,6,63,'2025-09-27','2025-09',167925.58,'CHEQUE'),
(309,6,64,'2025-09-03','2025-09',169078.37,'CARD'),
(310,6,65,'2025-09-18','2025-09',191504.32,'BANK_TRANSFER'),
(311,6,61,'2025-10-26','2025-10',192410.24,'UPI'),
(312,6,62,'2025-10-16','2025-10',184896.43,'UPI'),
(313,6,63,'2025-10-15','2025-10',222181.86,'BANK_TRANSFER'),
(314,6,64,'2025-10-27','2025-10',213580.97,'CHEQUE'),
(315,6,65,'2025-10-03','2025-10',223627.29,'UPI'),
(316,6,61,'2025-11-23','2025-11',169811.74,'CARD'),
(317,6,62,'2025-11-17','2025-11',226081.77,'UPI'),
(318,6,63,'2025-11-10','2025-11',189010.29,'CARD'),
(319,6,64,'2025-11-11','2025-11',191662.95,'BANK_TRANSFER'),
(320,6,65,'2025-11-21','2025-11',214154.41,'CHEQUE'),
(321,6,61,'2025-12-04','2025-12',172885.80,'CARD'),
(322,6,62,'2025-12-24','2025-12',185899.44,'UPI'),
(323,6,63,'2025-12-19','2025-12',188834.20,'UPI'),
(324,6,64,'2025-12-10','2025-12',223622.18,'CARD'),
(325,6,65,'2025-12-23','2025-12',176644.94,'BANK_TRANSFER'),
(326,6,61,'2026-01-13','2026-01',189047.09,'CHEQUE'),
(327,6,62,'2026-01-22','2026-01',219338.93,'BANK_TRANSFER'),
(328,6,63,'2026-01-14','2026-01',209284.22,'CHEQUE'),
(329,6,64,'2026-01-10','2026-01',171522.24,'UPI'),
(330,6,65,'2026-01-11','2026-01',227638.73,'CARD'),
(331,6,61,'2026-02-05','2026-02',183558.41,'UPI'),
(332,6,62,'2026-02-26','2026-02',176590.64,'BANK_TRANSFER'),
(333,6,63,'2026-02-18','2026-02',202712.15,'BANK_TRANSFER'),
(334,6,64,'2026-02-25','2026-02',212070.43,'UPI'),
(335,6,65,'2026-02-05','2026-02',208145.89,'UPI'),
(336,6,61,'2026-03-23','2026-03',184472.81,'UPI'),
(337,6,62,'2026-03-02','2026-03',217542.34,'CARD'),
(338,6,63,'2026-03-24','2026-03',195700.47,'UPI'),
(339,6,64,'2026-03-20','2026-03',232745.18,'CHEQUE'),
(340,6,65,'2026-03-26','2026-03',219452.33,'CARD'),
(341,6,61,'2026-04-08','2026-04',189359.74,'CHEQUE'),
(342,6,62,'2026-04-26','2026-04',234524.13,'CARD'),
(343,6,63,'2026-04-07','2026-04',230719.93,'CHEQUE'),
(344,6,64,'2026-04-19','2026-04',216788.51,'CARD'),
(345,6,65,'2026-04-10','2026-04',203415.21,'CARD'),
(346,6,61,'2026-05-14','2026-05',207752.62,'UPI'),
(347,6,62,'2026-05-26','2026-05',227304.91,'UPI'),
(348,6,63,'2026-05-02','2026-05',230799.00,'CARD'),
(349,6,64,'2026-05-18','2026-05',230868.44,'BANK_TRANSFER'),
(350,6,65,'2026-05-17','2026-05',220735.87,'BANK_TRANSFER'),
(351,6,61,'2026-06-25','2026-06',195877.03,'UPI'),
(352,6,62,'2026-06-17','2026-06',195106.20,'UPI'),
(353,6,63,'2026-06-03','2026-06',230172.11,'UPI'),
(354,6,64,'2026-06-12','2026-06',229271.15,'BANK_TRANSFER'),
(355,6,65,'2026-06-13','2026-06',204032.34,'CHEQUE'),
(356,6,61,'2026-07-03','2026-07',194458.90,'CHEQUE'),
(357,6,62,'2026-07-11','2026-07',193746.78,'BANK_TRANSFER'),
(358,6,63,'2026-07-21','2026-07',232690.21,'CHEQUE'),
(359,6,64,'2026-07-05','2026-07',229661.88,'BANK_TRANSFER'),
(360,6,65,'2026-07-27','2026-07',197696.68,'CARD'),
(361,7,73,'2025-08-05','2025-08',220234.89,'CARD'),
(362,7,74,'2025-08-01','2025-08',204792.73,'BANK_TRANSFER'),
(363,7,75,'2025-08-07','2025-08',177985.84,'UPI'),
(364,7,76,'2025-08-24','2025-08',211045.38,'CARD'),
(365,7,77,'2025-08-10','2025-08',183738.06,'UPI'),
(366,7,73,'2025-09-02','2025-09',195232.94,'UPI'),
(367,7,74,'2025-09-26','2025-09',202624.63,'CARD'),
(368,7,75,'2025-09-27','2025-09',180387.56,'CARD'),
(369,7,76,'2025-09-01','2025-09',213643.78,'UPI'),
(370,7,77,'2025-09-10','2025-09',221230.48,'CARD'),
(371,7,73,'2025-10-12','2025-10',176249.02,'UPI'),
(372,7,74,'2025-10-06','2025-10',211630.62,'BANK_TRANSFER'),
(373,7,75,'2025-10-12','2025-10',208697.44,'BANK_TRANSFER'),
(374,7,76,'2025-10-18','2025-10',235426.03,'BANK_TRANSFER'),
(375,7,77,'2025-10-16','2025-10',200426.75,'BANK_TRANSFER'),
(376,7,73,'2025-11-12','2025-11',215276.45,'CHEQUE'),
(377,7,74,'2025-11-12','2025-11',222204.87,'BANK_TRANSFER'),
(378,7,75,'2025-11-24','2025-11',197225.99,'BANK_TRANSFER'),
(379,7,76,'2025-11-24','2025-11',223705.70,'CHEQUE'),
(380,7,77,'2025-11-12','2025-11',184107.56,'CHEQUE'),
(381,7,73,'2025-12-06','2025-12',225897.30,'CARD'),
(382,7,74,'2025-12-16','2025-12',236261.05,'UPI'),
(383,7,75,'2025-12-03','2025-12',225772.72,'CARD'),
(384,7,76,'2025-12-07','2025-12',177796.81,'BANK_TRANSFER'),
(385,7,77,'2025-12-02','2025-12',224509.79,'CHEQUE'),
(386,7,73,'2026-01-17','2026-01',232893.82,'CARD'),
(387,7,74,'2026-01-18','2026-01',236340.93,'CARD'),
(388,7,75,'2026-01-25','2026-01',190846.16,'UPI'),
(389,7,76,'2026-01-25','2026-01',192873.99,'BANK_TRANSFER'),
(390,7,77,'2026-01-11','2026-01',228715.83,'CHEQUE'),
(391,7,73,'2026-02-12','2026-02',182544.54,'CARD'),
(392,7,74,'2026-02-24','2026-02',229758.10,'CARD'),
(393,7,75,'2026-02-13','2026-02',230076.00,'CHEQUE'),
(394,7,76,'2026-02-16','2026-02',234956.89,'CARD'),
(395,7,77,'2026-02-26','2026-02',197533.66,'CHEQUE'),
(396,7,73,'2026-03-24','2026-03',223894.61,'CARD'),
(397,7,74,'2026-03-20','2026-03',179403.69,'UPI'),
(398,7,75,'2026-03-11','2026-03',208144.37,'BANK_TRANSFER'),
(399,7,76,'2026-03-22','2026-03',179474.04,'CHEQUE'),
(400,7,77,'2026-03-20','2026-03',193422.60,'CARD'),
(401,7,73,'2026-04-15','2026-04',184468.25,'CHEQUE'),
(402,7,74,'2026-04-24','2026-04',201715.23,'CHEQUE'),
(403,7,75,'2026-04-14','2026-04',212028.43,'CHEQUE'),
(404,7,76,'2026-04-26','2026-04',213542.17,'BANK_TRANSFER'),
(405,7,77,'2026-04-21','2026-04',178835.56,'CARD'),
(406,7,73,'2026-05-26','2026-05',196200.57,'UPI'),
(407,7,74,'2026-05-05','2026-05',232381.00,'CARD'),
(408,7,75,'2026-05-03','2026-05',176037.46,'UPI'),
(409,7,76,'2026-05-12','2026-05',221684.57,'CHEQUE'),
(410,7,77,'2026-05-19','2026-05',197400.08,'BANK_TRANSFER'),
(411,7,73,'2026-06-22','2026-06',210653.29,'CARD'),
(412,7,74,'2026-06-12','2026-06',231711.63,'CARD'),
(413,7,75,'2026-06-19','2026-06',220332.43,'UPI'),
(414,7,76,'2026-06-13','2026-06',206019.56,'CHEQUE'),
(415,7,77,'2026-06-08','2026-06',213377.47,'BANK_TRANSFER'),
(416,7,73,'2026-07-06','2026-07',174848.65,'CARD'),
(417,7,74,'2026-07-18','2026-07',204925.16,'BANK_TRANSFER'),
(418,7,75,'2026-07-09','2026-07',189272.17,'CARD'),
(419,7,76,'2026-07-20','2026-07',186385.41,'CHEQUE'),
(420,7,77,'2026-07-16','2026-07',215702.30,'UPI'),
(421,8,85,'2025-08-03','2025-08',198641.23,'CARD'),
(422,8,86,'2025-08-23','2025-08',202002.51,'CARD'),
(423,8,87,'2025-08-26','2025-08',257416.03,'CHEQUE'),
(424,8,88,'2025-08-23','2025-08',235278.83,'BANK_TRANSFER'),
(425,8,89,'2025-08-10','2025-08',227359.81,'CHEQUE'),
(426,8,85,'2025-09-23','2025-09',245251.17,'UPI'),
(427,8,86,'2025-09-17','2025-09',241412.98,'UPI'),
(428,8,87,'2025-09-07','2025-09',196662.83,'UPI'),
(429,8,88,'2025-09-16','2025-09',204342.03,'BANK_TRANSFER'),
(430,8,89,'2025-09-19','2025-09',212606.07,'CHEQUE'),
(431,8,85,'2025-10-18','2025-10',217601.02,'UPI'),
(432,8,86,'2025-10-03','2025-10',227129.98,'BANK_TRANSFER'),
(433,8,87,'2025-10-23','2025-10',207177.30,'CARD'),
(434,8,88,'2025-10-25','2025-10',221443.78,'CARD'),
(435,8,89,'2025-10-03','2025-10',241065.92,'UPI'),
(436,8,85,'2025-11-21','2025-11',248499.77,'BANK_TRANSFER'),
(437,8,86,'2025-11-22','2025-11',214388.54,'CHEQUE'),
(438,8,87,'2025-11-27','2025-11',193386.58,'UPI'),
(439,8,88,'2025-11-05','2025-11',235140.23,'CARD'),
(440,8,89,'2025-11-02','2025-11',217842.02,'BANK_TRANSFER'),
(441,8,85,'2025-12-10','2025-12',216750.97,'UPI'),
(442,8,86,'2025-12-23','2025-12',193718.26,'UPI'),
(443,8,87,'2025-12-17','2025-12',205621.92,'CHEQUE'),
(444,8,88,'2025-12-09','2025-12',237953.17,'UPI'),
(445,8,89,'2025-12-18','2025-12',224314.92,'CHEQUE'),
(446,8,85,'2026-01-10','2026-01',189514.53,'BANK_TRANSFER'),
(447,8,86,'2026-01-06','2026-01',213690.04,'UPI'),
(448,8,87,'2026-01-20','2026-01',192463.12,'CHEQUE'),
(449,8,88,'2026-01-19','2026-01',235466.85,'BANK_TRANSFER'),
(450,8,89,'2026-01-01','2026-01',234359.05,'BANK_TRANSFER'),
(451,8,85,'2026-02-21','2026-02',182650.73,'CHEQUE'),
(452,8,86,'2026-02-25','2026-02',221078.51,'CARD'),
(453,8,87,'2026-02-01','2026-02',218983.40,'CARD'),
(454,8,88,'2026-02-18','2026-02',236170.44,'CHEQUE'),
(455,8,89,'2026-02-10','2026-02',220493.36,'CARD'),
(456,8,85,'2026-03-26','2026-03',193441.34,'CARD'),
(457,8,86,'2026-03-03','2026-03',196744.07,'BANK_TRANSFER'),
(458,8,87,'2026-03-14','2026-03',187986.80,'CARD'),
(459,8,88,'2026-03-11','2026-03',207239.22,'UPI'),
(460,8,89,'2026-03-23','2026-03',197696.04,'CHEQUE'),
(461,8,85,'2026-04-12','2026-04',222054.26,'CARD'),
(462,8,86,'2026-04-12','2026-04',184494.69,'BANK_TRANSFER'),
(463,8,87,'2026-04-15','2026-04',196218.16,'BANK_TRANSFER'),
(464,8,88,'2026-04-08','2026-04',193003.66,'UPI'),
(465,8,89,'2026-04-10','2026-04',182381.26,'CARD'),
(466,8,85,'2026-05-14','2026-05',227949.78,'UPI'),
(467,8,86,'2026-05-06','2026-05',234023.64,'CHEQUE'),
(468,8,87,'2026-05-24','2026-05',232239.84,'CHEQUE'),
(469,8,88,'2026-05-06','2026-05',186377.52,'CARD'),
(470,8,89,'2026-05-15','2026-05',236075.56,'CARD'),
(471,8,85,'2026-06-16','2026-06',163214.92,'BANK_TRANSFER'),
(472,8,86,'2026-06-13','2026-06',128525.61,'CARD'),
(473,8,87,'2026-06-07','2026-06',167066.71,'CHEQUE'),
(474,8,88,'2026-06-10','2026-06',126705.87,'CARD'),
(475,8,89,'2026-06-27','2026-06',150836.36,'CARD'),
(476,8,85,'2026-07-01','2026-07',188642.06,'BANK_TRANSFER'),
(477,8,86,'2026-07-09','2026-07',197422.51,'CHEQUE'),
(478,8,87,'2026-07-12','2026-07',217558.06,'BANK_TRANSFER'),
(479,8,88,'2026-07-19','2026-07',195587.18,'UPI'),
(480,8,89,'2026-07-10','2026-07',193285.44,'BANK_TRANSFER');

-- REVENUE (12 months x branches)
INSERT INTO REVENUE (REVENUE_ID,BRANCH_ID,REVENUE_MONTH,REVENUE_AMOUNT,COST_AMOUNT,GROSS_MARGIN) VALUES
(1,1,'2025-08',830453.30,512849.06,317604.24),
(2,1,'2025-09',856986.34,577434.57,279551.77),
(3,1,'2025-10',876331.34,562303.67,314027.66),
(4,1,'2025-11',846154.12,477655.88,368498.24),
(5,1,'2025-12',880797.47,614812.62,265984.85),
(6,1,'2026-01',910871.88,550932.62,359939.26),
(7,1,'2026-02',886659.55,567789.68,318869.87),
(8,1,'2026-03',924098.83,513834.28,410264.55),
(9,1,'2026-04',903766.09,593809.37,309956.72),
(10,1,'2026-05',991051.56,622281.18,368770.38),
(11,1,'2026-06',942119.95,644381.55,297738.40),
(12,1,'2026-07',955495.09,659010.04,296485.05),
(13,2,'2025-08',942578.88,573976.99,368601.89),
(14,2,'2025-09',965736.44,653214.75,312521.69),
(15,2,'2025-10',958157.36,599899.69,358257.68),
(16,2,'2025-11',944852.77,589093.97,355758.80),
(17,2,'2025-12',944547.38,586784.84,357762.54),
(18,2,'2026-01',888260.04,532677.05,355582.98),
(19,2,'2026-02',891906.27,546275.68,345630.59),
(20,2,'2026-03',905184.21,619883.78,285300.42),
(21,2,'2026-04',951906.98,613398.46,338508.52),
(22,2,'2026-05',921453.45,543500.49,377952.96),
(23,2,'2026-06',645127.05,448884.90,196242.14),
(24,2,'2026-07',909481.52,531256.79,378224.73),
(25,3,'2025-08',1031546.36,641691.28,389855.08),
(26,3,'2025-09',1087429.67,715721.66,371708.01),
(27,3,'2025-10',1119544.96,679595.75,439949.20),
(28,3,'2025-11',1129671.72,662359.84,467311.89),
(29,3,'2025-12',1107310.10,725374.64,381935.46),
(30,3,'2026-01',1070074.92,659332.85,410742.07),
(31,3,'2026-02',1100119.41,673211.49,426907.92),
(32,3,'2026-03',1081069.95,675963.77,405106.18),
(33,3,'2026-04',1131484.99,702358.92,429126.07),
(34,3,'2026-05',1163141.89,766638.82,396503.07),
(35,3,'2026-06',1152212.96,723362.15,428850.80),
(36,3,'2026-07',1140904.56,798311.95,342592.61),
(37,4,'2025-08',1197404.52,726254.24,471150.28),
(38,4,'2025-09',1257063.24,778058.70,479004.54),
(39,4,'2025-10',1208317.95,763585.63,444732.32),
(40,4,'2025-11',1227716.91,835029.40,392687.51),
(41,4,'2025-12',1230518.59,825121.63,405396.96),
(42,4,'2026-01',1182317.98,736143.12,446174.87),
(43,4,'2026-02',1268508.46,750767.95,517740.51),
(44,4,'2026-03',1190730.95,823060.42,367670.53),
(45,4,'2026-04',1276118.06,849481.35,426636.72),
(46,4,'2026-05',1244590.68,813384.80,431205.88),
(47,4,'2026-06',1220454.89,759086.95,461367.93),
(48,4,'2026-07',1231403.68,849881.34,381522.34),
(49,5,'2025-08',1349259.70,800338.22,548921.47),
(50,5,'2025-09',1339034.74,845571.83,493462.92),
(51,5,'2025-10',1391577.00,847720.69,543856.31),
(52,5,'2025-11',1327122.96,883810.34,443312.62),
(53,5,'2025-12',1309473.51,728473.17,581000.34),
(54,5,'2026-01',1429234.91,803021.95,626212.97),
(55,5,'2026-02',1434960.26,930422.22,504538.04),
(56,5,'2026-03',1420543.95,826895.83,593648.13),
(57,5,'2026-04',1441771.10,851610.80,590160.30),
(58,5,'2026-05',1414509.05,835611.63,578897.42),
(59,5,'2026-06',1360340.40,899366.81,460973.59),
(60,5,'2026-07',1388432.05,774210.28,614221.77),
(61,6,'2025-08',1498346.52,874810.74,623535.79),
(62,6,'2025-09',1413724.86,798796.52,614928.33),
(63,6,'2025-10',1440306.51,894229.55,546076.97),
(64,6,'2025-11',1504700.39,858612.22,646088.17),
(65,6,'2025-12',1560032.47,1086853.73,473178.74),
(66,6,'2026-01',1452318.60,941006.49,511312.12),
(67,6,'2026-02',1574580.11,978373.14,596206.97),
(68,6,'2026-03',1553074.83,1030289.13,522785.71),
(69,6,'2026-04',1510520.85,895455.34,615065.51),
(70,6,'2026-05',1488158.14,990084.63,498073.51),
(71,6,'2026-06',1594250.62,932370.42,661880.20),
(72,6,'2026-07',1621807.95,1098855.92,522952.03),
(73,7,'2025-08',1487818.53,1023947.41,463871.12),
(74,7,'2025-09',1544351.08,1043426.50,500924.58),
(75,7,'2025-10',1621724.02,900788.19,720935.83),
(76,7,'2025-11',1603587.82,1071507.91,532079.91),
(77,7,'2025-12',1500004.35,993528.60,506475.75),
(78,7,'2026-01',1603286.48,951422.34,651864.14),
(79,7,'2026-02',1471539.19,875210.93,596328.26),
(80,7,'2026-03',1555901.91,1072433.75,483468.16),
(81,7,'2026-04',1511888.58,934577.50,577311.08),
(82,7,'2026-05',1556109.29,978244.65,577864.64),
(83,7,'2026-06',1591229.85,907207.86,684021.99),
(84,7,'2026-07',1529444.03,903787.58,625656.46),
(85,8,'2025-08',1731880.73,1038440.21,693440.52),
(86,8,'2025-09',1702443.30,1101894.17,600549.13),
(87,8,'2025-10',1684151.12,929841.11,754310.02),
(88,8,'2025-11',1605822.69,954265.98,651556.71),
(89,8,'2025-12',1645049.80,952441.38,692608.42),
(90,8,'2026-01',1619207.77,1045698.74,573509.03),
(91,8,'2026-02',1571182.49,964950.35,606232.14),
(92,8,'2026-03',1544019.52,942044.89,601974.63),
(93,8,'2026-04',1493115.89,1041079.20,452036.69),
(94,8,'2026-05',1537768.90,1061635.37,476133.53),
(95,8,'2026-06',1015886.84,617187.99,398698.85),
(96,8,'2026-07',1503946.41,887402.30,616544.11);

-- SALES
INSERT INTO SALES (SALE_ID,BRANCH_ID,PRODUCT_ID,EMPLOYEE_ID,CUSTOMER_ID,SALE_DATE,QUANTITY,UNIT_PRICE,SALE_AMOUNT) VALUES
(1,1,3,1,5,'2026-06-12',3,9000.00,27000.00),
(2,1,6,1,11,'2025-09-15',2,30000.00,60000.00),
(3,1,3,7,11,'2026-04-23',2,9000.00,18000.00),
(4,1,3,5,6,'2026-05-08',1,9000.00,9000.00),
(5,1,2,8,3,'2026-03-24',2,18000.00,36000.00),
(6,1,5,7,12,'2026-04-16',3,50000.00,150000.00),
(7,1,5,4,11,'2026-05-26',2,50000.00,100000.00),
(8,1,1,8,9,'2026-07-12',5,12000.00,60000.00),
(9,1,1,2,1,'2026-04-17',5,12000.00,60000.00),
(10,1,2,3,3,'2026-01-17',5,18000.00,90000.00),
(11,1,4,4,12,'2026-05-16',1,25000.00,25000.00),
(12,1,1,8,1,'2026-03-05',5,12000.00,60000.00),
(13,1,5,8,10,'2025-08-18',4,50000.00,200000.00),
(14,1,4,1,7,'2025-12-27',3,25000.00,75000.00),
(15,1,1,2,1,'2026-02-12',2,12000.00,24000.00),
(16,1,6,1,2,'2026-03-02',1,30000.00,30000.00),
(17,1,3,3,3,'2026-06-24',4,9000.00,36000.00),
(18,1,6,6,7,'2026-03-13',4,30000.00,120000.00),
(19,1,4,3,11,'2026-01-04',1,25000.00,25000.00),
(20,1,2,7,9,'2025-10-24',5,18000.00,90000.00),
(21,1,2,1,5,'2026-03-22',1,18000.00,18000.00),
(22,1,6,7,9,'2026-02-27',5,30000.00,150000.00),
(23,1,2,8,6,'2025-10-09',2,18000.00,36000.00),
(24,1,2,1,11,'2026-02-20',1,18000.00,18000.00),
(25,1,1,4,2,'2025-09-20',2,12000.00,24000.00),
(26,1,1,1,4,'2026-07-02',4,12000.00,48000.00),
(27,1,4,4,9,'2025-11-25',4,25000.00,100000.00),
(28,1,1,5,4,'2026-07-19',2,12000.00,24000.00),
(29,1,3,6,4,'2025-12-05',5,9000.00,45000.00),
(30,1,6,4,7,'2025-12-09',5,30000.00,150000.00),
(31,1,1,3,11,'2026-06-14',5,12000.00,60000.00),
(32,1,5,1,6,'2026-06-22',4,50000.00,200000.00),
(33,1,4,6,12,'2026-02-14',5,25000.00,125000.00),
(34,1,2,7,3,'2026-04-16',3,18000.00,54000.00),
(35,1,2,5,12,'2025-10-26',2,18000.00,36000.00),
(36,1,4,7,7,'2026-04-17',1,25000.00,25000.00),
(37,1,2,4,5,'2025-11-11',4,18000.00,72000.00),
(38,1,6,8,6,'2025-09-18',1,30000.00,30000.00),
(39,1,6,1,5,'2026-02-22',2,30000.00,60000.00),
(40,1,5,1,2,'2025-11-26',5,50000.00,250000.00),
(41,1,5,4,8,'2025-11-11',5,50000.00,250000.00),
(42,1,3,4,4,'2026-07-04',1,9000.00,9000.00),
(43,1,6,4,12,'2026-05-23',4,30000.00,120000.00),
(44,1,2,4,9,'2026-01-25',4,18000.00,72000.00),
(45,1,3,8,9,'2026-06-12',4,9000.00,36000.00),
(46,1,3,6,9,'2026-03-15',3,9000.00,27000.00),
(47,1,1,6,4,'2026-01-11',4,12000.00,48000.00),
(48,1,4,4,12,'2025-10-01',1,25000.00,25000.00),
(49,1,3,7,5,'2025-10-07',5,9000.00,45000.00),
(50,1,3,7,10,'2025-11-16',2,9000.00,18000.00),
(51,1,5,5,8,'2026-07-21',3,50000.00,150000.00),
(52,1,6,8,3,'2026-07-26',4,30000.00,120000.00),
(53,1,3,3,12,'2026-04-16',2,9000.00,18000.00),
(54,1,2,1,9,'2025-08-27',5,18000.00,90000.00),
(55,1,1,1,7,'2025-10-27',1,12000.00,12000.00),
(56,1,6,2,12,'2025-10-01',2,30000.00,60000.00),
(57,1,2,8,6,'2025-08-20',5,18000.00,90000.00),
(58,1,6,8,11,'2026-03-01',5,30000.00,150000.00),
(59,1,1,7,1,'2025-08-17',5,12000.00,60000.00),
(60,1,6,5,1,'2026-04-27',3,30000.00,90000.00),
(61,2,6,11,14,'2025-09-17',4,30000.00,120000.00),
(62,2,2,12,22,'2026-04-09',2,18000.00,36000.00),
(63,2,3,15,14,'2026-01-13',3,9000.00,27000.00),
(64,2,4,12,24,'2025-11-10',5,25000.00,125000.00),
(65,2,6,9,14,'2026-02-13',1,30000.00,30000.00),
(66,2,4,16,13,'2026-06-01',5,25000.00,125000.00),
(67,2,6,10,20,'2026-02-21',2,30000.00,60000.00),
(68,2,3,10,21,'2025-08-08',5,9000.00,45000.00),
(69,2,2,16,17,'2025-08-03',5,18000.00,90000.00),
(70,2,6,9,15,'2026-01-01',3,30000.00,90000.00),
(71,2,2,11,24,'2026-02-03',5,18000.00,90000.00),
(72,2,3,12,22,'2026-02-22',2,9000.00,18000.00),
(73,2,5,15,24,'2025-10-26',3,50000.00,150000.00),
(74,2,6,14,13,'2025-09-14',1,30000.00,30000.00),
(75,2,2,14,22,'2026-05-20',1,18000.00,18000.00),
(76,2,4,9,23,'2025-12-26',3,25000.00,75000.00),
(77,2,4,12,18,'2026-04-13',4,25000.00,100000.00),
(78,2,4,15,14,'2026-05-10',2,25000.00,50000.00),
(79,2,2,10,17,'2025-10-13',1,18000.00,18000.00),
(80,2,6,15,18,'2026-01-04',2,30000.00,60000.00),
(81,2,1,13,20,'2026-01-25',1,12000.00,12000.00),
(82,2,3,11,14,'2025-10-14',1,9000.00,9000.00),
(83,2,4,15,14,'2025-08-03',5,25000.00,125000.00),
(84,2,3,10,22,'2026-05-26',5,9000.00,45000.00),
(85,2,3,9,17,'2026-02-13',4,9000.00,36000.00),
(86,2,1,12,22,'2026-04-06',5,12000.00,60000.00),
(87,2,6,11,15,'2025-12-10',4,30000.00,120000.00),
(88,2,3,11,14,'2025-10-14',4,9000.00,36000.00),
(89,2,3,13,20,'2025-09-12',4,9000.00,36000.00),
(90,2,3,16,22,'2026-05-07',2,9000.00,18000.00),
(91,2,4,11,17,'2025-08-13',1,25000.00,25000.00),
(92,2,3,15,18,'2026-03-11',5,9000.00,45000.00),
(93,2,4,11,17,'2026-01-20',5,25000.00,125000.00),
(94,2,6,16,18,'2025-10-13',2,30000.00,60000.00),
(95,2,3,16,22,'2025-11-11',3,9000.00,27000.00),
(96,2,4,15,18,'2025-09-19',3,25000.00,75000.00),
(97,2,2,11,23,'2026-04-01',5,18000.00,90000.00),
(98,2,6,12,20,'2025-12-27',4,30000.00,120000.00),
(99,2,6,15,23,'2026-03-05',1,30000.00,30000.00),
(100,2,6,12,17,'2026-06-05',3,30000.00,90000.00),
(101,2,6,15,14,'2026-03-20',4,30000.00,120000.00),
(102,2,4,15,21,'2026-04-23',5,25000.00,125000.00),
(103,2,4,9,18,'2026-07-26',5,25000.00,125000.00),
(104,2,5,10,14,'2025-11-22',5,50000.00,250000.00),
(105,2,6,11,23,'2026-05-02',3,30000.00,90000.00),
(106,2,5,14,19,'2025-09-01',4,50000.00,200000.00),
(107,2,1,12,21,'2026-07-17',3,12000.00,36000.00),
(108,2,5,12,20,'2026-01-13',5,50000.00,250000.00),
(109,2,4,11,18,'2025-08-16',5,25000.00,125000.00),
(110,2,1,15,14,'2025-09-27',3,12000.00,36000.00),
(111,2,6,14,17,'2026-01-15',2,30000.00,60000.00),
(112,2,2,16,18,'2026-03-04',5,18000.00,90000.00),
(113,2,4,14,14,'2025-12-02',4,25000.00,100000.00),
(114,2,6,9,18,'2026-06-04',1,30000.00,30000.00),
(115,2,6,12,21,'2025-10-18',2,30000.00,60000.00),
(116,2,2,15,20,'2025-11-26',3,18000.00,54000.00),
(117,2,4,11,23,'2026-06-14',2,25000.00,50000.00),
(118,2,4,12,20,'2026-05-14',1,25000.00,25000.00),
(119,2,4,12,16,'2025-12-25',1,25000.00,25000.00),
(120,2,6,10,21,'2025-10-12',1,30000.00,30000.00),
(121,3,3,24,26,'2025-12-22',2,9000.00,18000.00),
(122,3,4,22,34,'2026-02-20',5,25000.00,125000.00),
(123,3,4,18,30,'2026-01-15',5,25000.00,125000.00),
(124,3,5,21,34,'2026-05-03',2,50000.00,100000.00),
(125,3,6,22,26,'2025-11-10',2,30000.00,60000.00),
(126,3,1,22,36,'2025-10-17',2,12000.00,24000.00),
(127,3,4,19,34,'2026-02-14',4,25000.00,100000.00),
(128,3,2,19,33,'2025-10-16',4,18000.00,72000.00),
(129,3,3,19,30,'2026-03-20',2,9000.00,18000.00),
(130,3,1,17,32,'2025-10-07',3,12000.00,36000.00),
(131,3,4,24,31,'2026-06-16',5,25000.00,125000.00),
(132,3,4,24,27,'2025-09-19',4,25000.00,100000.00),
(133,3,1,21,25,'2025-12-08',2,12000.00,24000.00),
(134,3,5,19,32,'2026-05-24',3,50000.00,150000.00),
(135,3,4,18,34,'2025-09-09',5,25000.00,125000.00),
(136,3,5,17,36,'2026-03-18',3,50000.00,150000.00),
(137,3,2,18,36,'2026-06-25',4,18000.00,72000.00),
(138,3,2,17,32,'2025-12-12',3,18000.00,54000.00),
(139,3,1,18,28,'2025-11-26',4,12000.00,48000.00),
(140,3,6,22,36,'2026-05-21',5,30000.00,150000.00),
(141,3,4,19,28,'2025-11-26',2,25000.00,50000.00),
(142,3,1,22,33,'2025-12-20',5,12000.00,60000.00),
(143,3,5,22,36,'2025-12-10',2,50000.00,100000.00),
(144,3,5,18,27,'2026-02-02',3,50000.00,150000.00),
(145,3,3,19,28,'2025-10-23',2,9000.00,18000.00),
(146,3,3,23,32,'2025-10-19',2,9000.00,18000.00),
(147,3,6,23,31,'2026-03-03',3,30000.00,90000.00),
(148,3,6,23,33,'2026-07-09',1,30000.00,30000.00),
(149,3,6,24,32,'2026-01-19',3,30000.00,90000.00),
(150,3,1,24,35,'2026-06-23',1,12000.00,12000.00),
(151,3,3,23,28,'2026-02-27',1,9000.00,9000.00),
(152,3,2,21,30,'2025-12-11',4,18000.00,72000.00),
(153,3,5,19,34,'2026-03-26',5,50000.00,250000.00),
(154,3,3,17,26,'2026-06-26',1,9000.00,9000.00),
(155,3,4,18,27,'2026-03-15',1,25000.00,25000.00),
(156,3,1,20,36,'2025-10-21',4,12000.00,48000.00),
(157,3,3,21,26,'2026-06-12',2,9000.00,18000.00),
(158,3,3,22,35,'2026-06-06',1,9000.00,9000.00),
(159,3,1,21,36,'2026-07-25',4,12000.00,48000.00),
(160,3,2,18,36,'2025-09-01',4,18000.00,72000.00),
(161,3,2,18,27,'2026-05-08',4,18000.00,72000.00),
(162,3,5,17,25,'2026-07-11',4,50000.00,200000.00),
(163,3,1,19,32,'2025-09-08',4,12000.00,48000.00),
(164,3,4,18,26,'2026-01-12',1,25000.00,25000.00),
(165,3,3,23,27,'2026-06-22',2,9000.00,18000.00),
(166,3,2,17,34,'2026-06-06',1,18000.00,18000.00),
(167,3,4,20,35,'2026-07-05',3,25000.00,75000.00),
(168,3,4,24,28,'2025-09-04',5,25000.00,125000.00),
(169,3,2,23,30,'2026-02-11',1,18000.00,18000.00),
(170,3,2,21,35,'2025-09-08',2,18000.00,36000.00),
(171,3,5,21,36,'2025-08-22',5,50000.00,250000.00),
(172,3,3,20,36,'2026-02-10',2,9000.00,18000.00),
(173,3,6,20,32,'2026-02-04',1,30000.00,30000.00),
(174,3,2,18,33,'2025-08-12',4,18000.00,72000.00),
(175,3,3,23,34,'2026-02-12',2,9000.00,18000.00),
(176,3,5,24,26,'2025-08-19',2,50000.00,100000.00),
(177,3,1,21,28,'2025-08-02',1,12000.00,12000.00),
(178,3,4,21,35,'2026-07-17',5,25000.00,125000.00),
(179,3,4,23,26,'2026-06-18',4,25000.00,100000.00),
(180,3,5,19,29,'2025-09-10',5,50000.00,250000.00),
(181,4,1,28,39,'2026-04-11',5,12000.00,60000.00),
(182,4,4,26,41,'2026-07-14',5,25000.00,125000.00),
(183,4,6,25,40,'2025-09-14',2,30000.00,60000.00),
(184,4,1,25,41,'2026-06-24',4,12000.00,48000.00),
(185,4,6,26,37,'2026-07-05',2,30000.00,60000.00),
(186,4,6,27,44,'2026-01-17',1,30000.00,30000.00),
(187,4,5,27,42,'2025-10-24',3,50000.00,150000.00),
(188,4,3,25,42,'2026-02-09',1,9000.00,9000.00),
(189,4,5,29,48,'2026-05-21',1,50000.00,50000.00),
(190,4,1,32,45,'2026-01-02',4,12000.00,48000.00),
(191,4,4,27,42,'2025-10-09',5,25000.00,125000.00),
(192,4,1,26,40,'2026-07-17',5,12000.00,60000.00),
(193,4,1,25,40,'2025-08-16',1,12000.00,12000.00),
(194,4,3,27,39,'2025-08-18',4,9000.00,36000.00),
(195,4,6,28,42,'2025-11-14',4,30000.00,120000.00),
(196,4,6,29,38,'2026-05-12',3,30000.00,90000.00),
(197,4,1,25,39,'2025-11-26',5,12000.00,60000.00),
(198,4,5,31,38,'2026-03-10',1,50000.00,50000.00),
(199,4,3,26,45,'2026-03-01',3,9000.00,27000.00),
(200,4,3,29,46,'2025-12-24',2,9000.00,18000.00),
(201,4,5,32,42,'2026-05-16',2,50000.00,100000.00),
(202,4,2,28,39,'2025-08-14',5,18000.00,90000.00),
(203,4,1,30,47,'2026-07-01',2,12000.00,24000.00),
(204,4,3,31,48,'2026-07-10',1,9000.00,9000.00),
(205,4,1,28,43,'2026-03-02',2,12000.00,24000.00),
(206,4,2,26,37,'2025-11-17',3,18000.00,54000.00),
(207,4,4,32,48,'2025-09-19',3,25000.00,75000.00),
(208,4,1,27,47,'2026-02-03',5,12000.00,60000.00),
(209,4,5,25,43,'2026-06-05',5,50000.00,250000.00),
(210,4,2,29,42,'2026-02-23',3,18000.00,54000.00),
(211,4,6,30,44,'2025-12-08',3,30000.00,90000.00),
(212,4,1,27,46,'2025-09-05',2,12000.00,24000.00),
(213,4,1,32,44,'2026-01-14',2,12000.00,24000.00),
(214,4,1,30,40,'2026-03-10',5,12000.00,60000.00),
(215,4,4,26,38,'2025-10-26',3,25000.00,75000.00),
(216,4,6,25,40,'2026-01-05',3,30000.00,90000.00),
(217,4,1,30,43,'2026-04-02',2,12000.00,24000.00),
(218,4,6,29,39,'2025-08-13',3,30000.00,90000.00),
(219,4,4,28,38,'2026-03-04',5,25000.00,125000.00),
(220,4,2,25,37,'2025-11-05',1,18000.00,18000.00),
(221,4,2,30,47,'2026-06-21',4,18000.00,72000.00),
(222,4,1,29,38,'2025-08-03',5,12000.00,60000.00),
(223,4,2,27,38,'2026-01-04',4,18000.00,72000.00),
(224,4,1,25,39,'2026-05-14',4,12000.00,48000.00),
(225,4,6,32,37,'2026-02-22',4,30000.00,120000.00),
(226,4,4,30,40,'2025-10-09',2,25000.00,50000.00),
(227,4,3,27,37,'2026-05-20',4,9000.00,36000.00),
(228,4,5,29,44,'2026-02-18',2,50000.00,100000.00),
(229,4,4,26,41,'2026-02-05',1,25000.00,25000.00),
(230,4,4,28,47,'2026-04-26',2,25000.00,50000.00),
(231,4,1,30,44,'2026-04-26',4,12000.00,48000.00),
(232,4,4,30,43,'2025-12-06',3,25000.00,75000.00),
(233,4,1,28,37,'2025-12-02',3,12000.00,36000.00),
(234,4,4,30,46,'2025-11-06',5,25000.00,125000.00),
(235,4,1,28,41,'2026-04-27',2,12000.00,24000.00),
(236,4,6,28,46,'2026-02-12',1,30000.00,30000.00),
(237,4,2,28,46,'2026-01-26',2,18000.00,36000.00),
(238,4,6,25,48,'2026-07-12',3,30000.00,90000.00),
(239,4,5,27,46,'2025-11-27',5,50000.00,250000.00),
(240,4,4,29,39,'2026-03-02',5,25000.00,125000.00),
(241,5,1,36,58,'2025-11-01',1,12000.00,12000.00),
(242,5,5,33,54,'2026-05-07',4,50000.00,200000.00),
(243,5,2,35,54,'2025-08-01',3,18000.00,54000.00),
(244,5,2,35,50,'2026-04-12',5,18000.00,90000.00),
(245,5,1,39,58,'2025-09-11',3,12000.00,36000.00),
(246,5,3,35,51,'2026-07-14',3,9000.00,27000.00),
(247,5,6,38,51,'2026-07-18',4,30000.00,120000.00),
(248,5,6,38,52,'2026-06-19',5,30000.00,150000.00),
(249,5,2,37,60,'2026-07-10',4,18000.00,72000.00),
(250,5,2,33,60,'2026-05-13',2,18000.00,36000.00),
(251,5,5,35,58,'2026-01-26',1,50000.00,50000.00),
(252,5,5,34,56,'2025-10-11',2,50000.00,100000.00),
(253,5,6,36,54,'2026-01-06',1,30000.00,30000.00),
(254,5,6,38,56,'2025-08-09',1,30000.00,30000.00),
(255,5,2,34,54,'2025-12-26',2,18000.00,36000.00),
(256,5,1,33,55,'2026-03-24',1,12000.00,12000.00),
(257,5,4,39,56,'2026-02-12',2,25000.00,50000.00),
(258,5,5,34,56,'2026-05-21',4,50000.00,200000.00),
(259,5,6,35,56,'2025-09-26',2,30000.00,60000.00),
(260,5,1,33,54,'2025-12-04',3,12000.00,36000.00),
(261,5,1,35,55,'2025-10-24',3,12000.00,36000.00),
(262,5,1,34,54,'2026-05-20',5,12000.00,60000.00),
(263,5,4,39,59,'2025-10-20',1,25000.00,25000.00),
(264,5,4,33,50,'2026-01-07',2,25000.00,50000.00),
(265,5,2,37,59,'2025-12-10',4,18000.00,72000.00),
(266,5,2,33,55,'2026-05-18',1,18000.00,18000.00),
(267,5,4,33,54,'2025-08-14',2,25000.00,50000.00),
(268,5,1,40,52,'2025-09-01',3,12000.00,36000.00),
(269,5,2,37,50,'2026-03-04',2,18000.00,36000.00),
(270,5,3,40,56,'2026-06-09',4,9000.00,36000.00),
(271,5,1,39,51,'2026-01-13',5,12000.00,60000.00),
(272,5,3,40,49,'2025-12-15',2,9000.00,18000.00),
(273,5,4,36,53,'2026-05-02',3,25000.00,75000.00),
(274,5,2,34,59,'2026-01-26',1,18000.00,18000.00),
(275,5,5,36,57,'2025-08-27',4,50000.00,200000.00),
(276,5,4,39,57,'2026-06-16',5,25000.00,125000.00),
(277,5,5,40,53,'2025-09-13',2,50000.00,100000.00),
(278,5,6,35,50,'2026-03-06',1,30000.00,30000.00),
(279,5,2,36,51,'2025-08-14',2,18000.00,36000.00),
(280,5,1,36,59,'2025-10-27',4,12000.00,48000.00),
(281,5,5,38,60,'2025-09-03',3,50000.00,150000.00),
(282,5,4,39,57,'2026-01-09',5,25000.00,125000.00),
(283,5,5,33,60,'2026-05-19',4,50000.00,200000.00),
(284,5,5,34,55,'2025-10-05',4,50000.00,200000.00),
(285,5,5,34,50,'2026-05-25',5,50000.00,250000.00),
(286,5,1,38,55,'2025-12-13',3,12000.00,36000.00),
(287,5,6,40,49,'2025-10-09',4,30000.00,120000.00),
(288,5,4,39,49,'2026-02-11',2,25000.00,50000.00),
(289,5,6,33,60,'2026-03-09',2,30000.00,60000.00),
(290,5,3,38,53,'2025-12-09',1,9000.00,9000.00),
(291,5,4,36,51,'2025-12-24',1,25000.00,25000.00),
(292,5,4,37,60,'2026-02-20',3,25000.00,75000.00),
(293,5,6,36,56,'2025-11-27',1,30000.00,30000.00),
(294,5,4,38,49,'2026-04-26',4,25000.00,100000.00),
(295,5,2,37,60,'2026-04-13',1,18000.00,18000.00),
(296,5,2,33,51,'2025-11-27',5,18000.00,90000.00),
(297,5,2,36,49,'2026-03-02',1,18000.00,18000.00),
(298,5,3,37,54,'2026-03-17',2,9000.00,18000.00),
(299,5,4,33,52,'2026-01-16',1,25000.00,25000.00),
(300,5,5,35,56,'2026-05-18',4,50000.00,200000.00),
(301,6,3,43,65,'2026-07-27',3,9000.00,27000.00),
(302,6,6,45,61,'2026-02-02',1,30000.00,30000.00),
(303,6,2,44,64,'2026-06-08',5,18000.00,90000.00),
(304,6,6,45,71,'2026-02-17',2,30000.00,60000.00),
(305,6,1,48,63,'2026-06-06',1,12000.00,12000.00),
(306,6,5,44,65,'2026-05-26',1,50000.00,50000.00),
(307,6,3,47,67,'2026-01-15',3,9000.00,27000.00),
(308,6,3,48,65,'2026-06-17',2,9000.00,18000.00),
(309,6,5,42,61,'2026-04-22',4,50000.00,200000.00),
(310,6,3,45,65,'2026-06-04',5,9000.00,45000.00),
(311,6,4,46,65,'2026-06-11',1,25000.00,25000.00),
(312,6,3,45,64,'2025-10-17',3,9000.00,27000.00),
(313,6,2,47,71,'2026-01-22',1,18000.00,18000.00),
(314,6,2,48,65,'2025-12-14',1,18000.00,18000.00),
(315,6,4,41,70,'2026-07-19',4,25000.00,100000.00),
(316,6,2,44,71,'2026-04-21',3,18000.00,54000.00),
(317,6,4,45,63,'2026-06-18',3,25000.00,75000.00),
(318,6,2,42,68,'2025-10-24',3,18000.00,54000.00),
(319,6,3,43,71,'2026-01-21',5,9000.00,45000.00),
(320,6,1,46,64,'2026-07-10',2,12000.00,24000.00),
(321,6,4,46,65,'2026-05-10',3,25000.00,75000.00),
(322,6,4,48,61,'2026-06-19',1,25000.00,25000.00),
(323,6,5,42,68,'2025-11-17',5,50000.00,250000.00),
(324,6,1,45,67,'2025-08-05',4,12000.00,48000.00),
(325,6,2,46,67,'2026-05-15',2,18000.00,36000.00),
(326,6,2,43,62,'2026-03-11',3,18000.00,54000.00),
(327,6,6,46,71,'2025-08-01',2,30000.00,60000.00),
(328,6,4,44,63,'2026-05-25',3,25000.00,75000.00),
(329,6,2,42,63,'2026-05-14',4,18000.00,72000.00),
(330,6,6,47,67,'2026-03-13',4,30000.00,120000.00),
(331,6,1,44,72,'2026-01-01',1,12000.00,12000.00),
(332,6,3,44,61,'2026-06-01',5,9000.00,45000.00),
(333,6,6,44,72,'2026-01-10',2,30000.00,60000.00),
(334,6,2,47,69,'2026-05-10',1,18000.00,18000.00),
(335,6,2,41,65,'2025-12-15',1,18000.00,18000.00),
(336,6,6,46,67,'2026-06-05',5,30000.00,150000.00),
(337,6,3,46,64,'2025-10-26',4,9000.00,36000.00),
(338,6,4,44,64,'2026-07-05',1,25000.00,25000.00),
(339,6,2,43,62,'2026-01-23',1,18000.00,18000.00),
(340,6,6,47,71,'2025-12-25',1,30000.00,30000.00),
(341,6,5,41,70,'2025-08-22',5,50000.00,250000.00),
(342,6,1,41,72,'2025-09-14',1,12000.00,12000.00),
(343,6,4,42,69,'2025-12-16',4,25000.00,100000.00),
(344,6,6,44,72,'2026-06-21',2,30000.00,60000.00),
(345,6,1,47,71,'2025-09-22',3,12000.00,36000.00),
(346,6,5,43,67,'2025-09-17',3,50000.00,150000.00),
(347,6,6,42,65,'2025-09-26',5,30000.00,150000.00),
(348,6,1,44,70,'2025-11-25',4,12000.00,48000.00),
(349,6,3,44,66,'2026-07-14',5,9000.00,45000.00),
(350,6,3,41,69,'2026-03-07',2,9000.00,18000.00),
(351,6,6,46,64,'2025-08-01',4,30000.00,120000.00),
(352,6,6,42,70,'2026-06-16',1,30000.00,30000.00),
(353,6,2,42,72,'2026-07-04',1,18000.00,18000.00),
(354,6,3,48,65,'2025-12-15',2,9000.00,18000.00),
(355,6,1,43,61,'2025-12-12',1,12000.00,12000.00),
(356,6,6,47,72,'2025-09-04',3,30000.00,90000.00),
(357,6,1,43,71,'2026-06-06',1,12000.00,12000.00),
(358,6,3,48,70,'2025-12-24',3,9000.00,27000.00),
(359,6,1,46,63,'2025-09-13',3,12000.00,36000.00),
(360,6,4,45,67,'2026-07-16',4,25000.00,100000.00),
(361,7,4,50,75,'2026-07-24',2,25000.00,50000.00),
(362,7,1,50,79,'2026-05-16',2,12000.00,24000.00),
(363,7,5,51,82,'2026-02-25',4,50000.00,200000.00),
(364,7,3,49,83,'2026-07-05',5,9000.00,45000.00),
(365,7,4,50,79,'2026-03-02',4,25000.00,100000.00),
(366,7,1,54,73,'2026-07-22',3,12000.00,36000.00),
(367,7,5,52,83,'2026-01-17',5,50000.00,250000.00),
(368,7,5,50,79,'2026-06-24',5,50000.00,250000.00),
(369,7,2,54,83,'2026-06-21',4,18000.00,72000.00),
(370,7,4,49,73,'2026-06-06',2,25000.00,50000.00),
(371,7,5,56,75,'2025-09-25',4,50000.00,200000.00),
(372,7,4,52,78,'2025-12-02',3,25000.00,75000.00),
(373,7,5,55,79,'2025-11-03',2,50000.00,100000.00),
(374,7,4,56,74,'2026-03-15',4,25000.00,100000.00),
(375,7,3,56,84,'2026-06-01',1,9000.00,9000.00),
(376,7,1,55,73,'2026-04-18',4,12000.00,48000.00),
(377,7,1,53,81,'2026-04-07',1,12000.00,12000.00),
(378,7,6,54,78,'2025-08-27',4,30000.00,120000.00),
(379,7,2,54,81,'2026-05-20',4,18000.00,72000.00),
(380,7,4,56,74,'2025-09-25',3,25000.00,75000.00),
(381,7,6,49,78,'2026-01-27',2,30000.00,60000.00),
(382,7,6,54,84,'2025-09-02',3,30000.00,90000.00),
(383,7,2,51,84,'2026-07-24',4,18000.00,72000.00),
(384,7,4,53,82,'2025-11-07',1,25000.00,25000.00),
(385,7,1,52,80,'2025-11-23',4,12000.00,48000.00),
(386,7,3,55,73,'2026-06-27',1,9000.00,9000.00),
(387,7,6,50,80,'2026-03-22',5,30000.00,150000.00),
(388,7,5,51,80,'2025-08-17',5,50000.00,250000.00),
(389,7,6,55,82,'2026-03-17',1,30000.00,30000.00),
(390,7,2,51,84,'2025-10-04',5,18000.00,90000.00),
(391,7,4,54,81,'2026-02-14',5,25000.00,125000.00),
(392,7,5,53,79,'2026-01-10',2,50000.00,100000.00),
(393,7,4,51,79,'2026-05-23',2,25000.00,50000.00),
(394,7,6,53,84,'2026-04-11',5,30000.00,150000.00),
(395,7,6,52,76,'2025-11-20',5,30000.00,150000.00),
(396,7,6,54,83,'2025-10-23',3,30000.00,90000.00),
(397,7,6,54,84,'2025-09-25',2,30000.00,60000.00),
(398,7,3,56,82,'2026-05-22',5,9000.00,45000.00),
(399,7,6,53,79,'2025-08-17',4,30000.00,120000.00),
(400,7,1,55,75,'2025-08-22',1,12000.00,12000.00),
(401,7,1,53,75,'2025-12-22',2,12000.00,24000.00),
(402,7,3,49,84,'2025-12-07',2,9000.00,18000.00),
(403,7,5,54,80,'2025-09-20',1,50000.00,50000.00),
(404,7,6,52,84,'2026-06-18',5,30000.00,150000.00),
(405,7,4,53,84,'2026-06-02',2,25000.00,50000.00),
(406,7,4,55,83,'2026-01-18',4,25000.00,100000.00),
(407,7,1,53,76,'2026-05-25',1,12000.00,12000.00),
(408,7,4,54,82,'2026-04-24',2,25000.00,50000.00),
(409,7,5,52,77,'2026-03-06',2,50000.00,100000.00),
(410,7,6,51,75,'2026-07-17',1,30000.00,30000.00),
(411,7,1,49,79,'2025-12-18',4,12000.00,48000.00),
(412,7,3,51,82,'2025-12-01',2,9000.00,18000.00),
(413,7,3,51,73,'2025-10-11',4,9000.00,36000.00),
(414,7,5,53,80,'2026-05-18',1,50000.00,50000.00),
(415,7,3,54,81,'2025-11-06',1,9000.00,9000.00),
(416,7,5,51,79,'2026-04-18',1,50000.00,50000.00),
(417,7,4,54,76,'2025-11-22',1,25000.00,25000.00),
(418,7,3,54,77,'2025-11-25',3,9000.00,27000.00),
(419,7,5,56,81,'2026-06-01',5,50000.00,250000.00),
(420,7,1,56,76,'2026-06-20',3,12000.00,36000.00),
(421,8,5,57,95,'2026-01-13',2,50000.00,100000.00),
(422,8,1,61,93,'2026-07-10',4,12000.00,48000.00),
(423,8,1,62,93,'2026-04-15',5,12000.00,60000.00),
(424,8,4,61,95,'2025-11-11',1,25000.00,25000.00),
(425,8,5,58,87,'2026-04-18',1,50000.00,50000.00),
(426,8,1,60,95,'2026-06-25',1,12000.00,12000.00),
(427,8,2,58,88,'2026-04-27',4,18000.00,72000.00),
(428,8,6,58,96,'2026-06-05',4,30000.00,120000.00),
(429,8,1,62,85,'2025-09-03',4,12000.00,48000.00),
(430,8,1,61,93,'2025-09-19',2,12000.00,24000.00),
(431,8,2,63,91,'2026-03-21',3,18000.00,54000.00),
(432,8,4,62,85,'2026-02-22',4,25000.00,100000.00),
(433,8,1,57,95,'2026-07-20',5,12000.00,60000.00),
(434,8,1,57,96,'2025-09-12',5,12000.00,60000.00),
(435,8,5,61,95,'2025-12-20',1,50000.00,50000.00),
(436,8,1,64,91,'2026-02-27',3,12000.00,36000.00),
(437,8,6,64,87,'2026-04-08',1,30000.00,30000.00),
(438,8,2,61,95,'2025-10-10',4,18000.00,72000.00),
(439,8,6,57,93,'2026-04-05',3,30000.00,90000.00),
(440,8,1,57,94,'2026-05-13',1,12000.00,12000.00),
(441,8,5,58,89,'2025-11-24',5,50000.00,250000.00),
(442,8,6,60,91,'2026-06-17',3,30000.00,90000.00),
(443,8,2,59,88,'2026-05-27',2,18000.00,36000.00),
(444,8,3,58,87,'2026-06-26',2,9000.00,18000.00),
(445,8,5,64,95,'2026-04-03',1,50000.00,50000.00),
(446,8,3,61,86,'2025-11-24',1,9000.00,9000.00),
(447,8,5,62,90,'2025-10-22',4,50000.00,200000.00),
(448,8,6,58,89,'2026-05-03',2,30000.00,60000.00),
(449,8,2,64,92,'2026-01-20',3,18000.00,54000.00),
(450,8,6,59,94,'2026-05-12',3,30000.00,90000.00),
(451,8,3,59,85,'2026-01-08',4,9000.00,36000.00),
(452,8,2,61,90,'2025-10-22',4,18000.00,72000.00),
(453,8,6,64,92,'2026-03-12',3,30000.00,90000.00),
(454,8,3,58,87,'2026-06-20',4,9000.00,36000.00),
(455,8,1,59,93,'2025-11-09',3,12000.00,36000.00),
(456,8,6,58,85,'2026-04-21',1,30000.00,30000.00),
(457,8,1,63,94,'2025-11-02',5,12000.00,60000.00),
(458,8,5,64,95,'2025-10-12',3,50000.00,150000.00),
(459,8,4,61,87,'2026-03-17',2,25000.00,50000.00),
(460,8,5,63,90,'2026-04-01',1,50000.00,50000.00),
(461,8,6,59,93,'2025-10-15',2,30000.00,60000.00),
(462,8,2,59,96,'2026-07-16',2,18000.00,36000.00),
(463,8,3,60,92,'2025-11-03',1,9000.00,9000.00),
(464,8,3,60,85,'2026-06-07',3,9000.00,27000.00),
(465,8,5,63,92,'2026-03-02',3,50000.00,150000.00),
(466,8,1,58,96,'2026-04-21',3,12000.00,36000.00),
(467,8,3,59,91,'2026-06-13',3,9000.00,27000.00),
(468,8,3,58,93,'2025-12-13',5,9000.00,45000.00),
(469,8,2,63,90,'2026-01-16',5,18000.00,90000.00),
(470,8,4,57,93,'2025-10-15',5,25000.00,125000.00),
(471,8,2,58,93,'2026-06-09',2,18000.00,36000.00),
(472,8,2,59,87,'2026-01-20',2,18000.00,36000.00),
(473,8,6,60,91,'2026-01-24',1,30000.00,30000.00),
(474,8,1,64,92,'2025-11-19',4,12000.00,48000.00),
(475,8,2,57,88,'2025-08-05',4,18000.00,72000.00),
(476,8,5,59,87,'2026-06-17',5,50000.00,250000.00),
(477,8,1,59,85,'2025-10-09',5,12000.00,60000.00),
(478,8,2,63,94,'2026-05-21',5,18000.00,90000.00),
(479,8,1,58,88,'2026-03-20',3,12000.00,36000.00),
(480,8,4,59,88,'2026-02-20',4,25000.00,100000.00);

-- CLAIMS
INSERT INTO CLAIMS (CLAIM_ID,CUSTOMER_ID,BRANCH_ID,CLAIM_DATE,CLAIM_AMOUNT,CLAIM_STATUS,SETTLED_AMOUNT) VALUES
(1,3,1,'2026-05-27',62561.76,'DENIED',0.00),
(2,3,1,'2026-07-22',30700.35,'PAID',30700.35),
(3,10,1,'2026-05-03',22236.03,'PAID',22236.03),
(4,3,1,'2025-09-01',20176.14,'PAID',20176.14),
(5,3,1,'2026-05-04',18306.66,'SUBMITTED',0.00),
(6,9,1,'2026-04-25',13813.73,'PAID',13813.73),
(7,11,1,'2025-10-20',45446.45,'SUBMITTED',0.00),
(8,11,1,'2026-06-14',44153.32,'DENIED',0.00),
(9,1,1,'2026-07-17',37171.72,'PAID',37171.72),
(10,7,1,'2026-01-19',65346.58,'SUBMITTED',0.00),
(11,7,1,'2025-10-09',40785.59,'APPROVED',34873.42),
(12,2,1,'2025-12-20',70757.47,'PAID',70757.47),
(13,5,1,'2025-11-01',58186.16,'SUBMITTED',0.00),
(14,10,1,'2026-04-04',43982.14,'PAID',43982.14),
(15,11,1,'2025-11-23',65321.54,'PAID',65321.54),
(16,6,1,'2025-09-05',36955.37,'DENIED',0.00),
(17,5,1,'2026-04-14',47350.27,'DENIED',0.00),
(18,11,1,'2026-02-25',20277.02,'PAID',20277.02),
(19,3,1,'2026-01-18',46618.35,'DENIED',0.00),
(20,5,1,'2026-05-12',63064.59,'PAID',63064.59),
(21,12,1,'2025-10-22',13931.43,'APPROVED',8683.42),
(22,12,1,'2025-10-04',21084.36,'PAID',21084.36),
(23,6,1,'2026-04-20',57279.31,'SUBMITTED',0.00),
(24,3,1,'2026-02-21',5396.80,'SUBMITTED',0.00),
(25,3,1,'2026-03-20',37653.31,'SUBMITTED',0.00),
(26,5,1,'2025-11-12',11002.98,'SUBMITTED',0.00),
(27,12,1,'2026-02-13',51047.42,'DENIED',0.00),
(28,12,1,'2026-05-02',75928.69,'APPROVED',54679.72),
(29,8,1,'2025-08-07',68792.57,'DENIED',0.00),
(30,4,1,'2025-08-26',49963.62,'APPROVED',35354.01),
(31,23,2,'2025-08-12',22944.25,'SUBMITTED',0.00),
(32,15,2,'2025-09-09',63475.47,'DENIED',0.00),
(33,23,2,'2026-02-13',48956.01,'SUBMITTED',0.00),
(34,24,2,'2026-07-03',73938.31,'DENIED',0.00),
(35,24,2,'2026-04-19',31107.14,'DENIED',0.00),
(36,16,2,'2026-05-07',39106.93,'PAID',39106.93),
(37,22,2,'2025-08-09',18127.61,'SUBMITTED',0.00),
(38,21,2,'2025-09-17',27068.89,'SUBMITTED',0.00),
(39,21,2,'2025-12-18',65986.05,'DENIED',0.00),
(40,24,2,'2026-03-13',47237.65,'APPROVED',36785.69),
(41,20,2,'2026-06-15',72239.29,'SUBMITTED',0.00),
(42,20,2,'2025-09-09',10066.57,'APPROVED',7433.72),
(43,16,2,'2026-01-14',76658.43,'SUBMITTED',0.00),
(44,24,2,'2025-12-08',26546.72,'PAID',26546.72),
(45,23,2,'2026-07-27',30649.47,'APPROVED',19562.87),
(46,18,2,'2025-11-19',25180.68,'APPROVED',16354.84),
(47,16,2,'2025-11-24',23154.24,'DENIED',0.00),
(48,16,2,'2025-11-07',67620.54,'DENIED',0.00),
(49,15,2,'2025-09-04',74014.11,'PAID',74014.11),
(50,22,2,'2025-08-25',69281.70,'SUBMITTED',0.00),
(51,20,2,'2026-01-20',28656.27,'DENIED',0.00),
(52,20,2,'2025-10-25',73700.51,'DENIED',0.00),
(53,19,2,'2025-11-25',48249.89,'SUBMITTED',0.00),
(54,21,2,'2026-02-16',75474.08,'SUBMITTED',0.00),
(55,21,2,'2026-01-13',69530.01,'APPROVED',43706.43),
(56,14,2,'2026-07-17',39505.29,'SUBMITTED',0.00),
(57,13,2,'2026-06-07',33457.10,'SUBMITTED',0.00),
(58,18,2,'2026-01-20',69638.15,'APPROVED',46955.73),
(59,16,2,'2025-12-16',76889.51,'DENIED',0.00),
(60,18,2,'2025-10-16',36795.72,'PAID',36795.72),
(61,36,3,'2026-01-12',69074.46,'DENIED',0.00),
(62,32,3,'2025-10-19',14835.44,'APPROVED',11973.61),
(63,36,3,'2025-12-26',22685.39,'PAID',22685.39),
(64,31,3,'2025-11-05',65002.81,'APPROVED',41373.87),
(65,25,3,'2025-10-14',42469.84,'DENIED',0.00),
(66,32,3,'2025-12-09',47160.38,'SUBMITTED',0.00),
(67,31,3,'2025-09-23',17250.64,'APPROVED',13919.70),
(68,32,3,'2026-06-04',38739.11,'DENIED',0.00),
(69,29,3,'2026-01-12',47026.25,'DENIED',0.00),
(70,30,3,'2025-08-14',14092.81,'APPROVED',9701.87),
(71,35,3,'2026-06-18',18090.41,'DENIED',0.00),
(72,30,3,'2026-01-22',43283.34,'PAID',43283.34),
(73,26,3,'2026-02-20',26489.27,'APPROVED',22095.46),
(74,35,3,'2026-01-14',52345.51,'PAID',52345.51),
(75,26,3,'2025-09-06',30771.91,'DENIED',0.00),
(76,30,3,'2026-06-10',58282.51,'PAID',58282.51),
(77,29,3,'2026-03-25',69710.49,'DENIED',0.00),
(78,36,3,'2026-05-17',77414.45,'PAID',77414.45),
(79,27,3,'2025-10-01',14377.99,'APPROVED',10510.47),
(80,36,3,'2026-07-24',11004.86,'APPROVED',6586.66),
(81,26,3,'2025-09-16',46132.53,'SUBMITTED',0.00),
(82,31,3,'2026-04-25',79701.03,'SUBMITTED',0.00),
(83,29,3,'2026-05-05',11323.34,'PAID',11323.34),
(84,29,3,'2025-11-08',60319.49,'PAID',60319.49),
(85,35,3,'2025-10-05',44505.68,'APPROVED',18438.06),
(86,35,3,'2026-01-11',69818.09,'PAID',69818.09),
(87,33,3,'2025-12-18',38363.37,'APPROVED',26678.48),
(88,32,3,'2026-06-24',52688.84,'PAID',52688.84),
(89,33,3,'2026-06-21',45033.81,'DENIED',0.00),
(90,32,3,'2026-04-08',65353.08,'PAID',65353.08),
(91,41,4,'2026-01-14',24485.53,'DENIED',0.00),
(92,37,4,'2025-08-17',66153.48,'APPROVED',37835.98),
(93,44,4,'2026-04-01',56582.75,'PAID',56582.75),
(94,44,4,'2025-12-01',62440.19,'DENIED',0.00),
(95,46,4,'2025-11-26',5541.35,'DENIED',0.00),
(96,40,4,'2026-02-18',37782.98,'APPROVED',18197.60),
(97,48,4,'2026-06-13',67132.01,'APPROVED',35680.00),
(98,43,4,'2026-06-08',43745.75,'DENIED',0.00),
(99,41,4,'2026-06-24',44895.82,'DENIED',0.00),
(100,43,4,'2025-11-03',18680.54,'DENIED',0.00),
(101,38,4,'2026-06-15',51329.71,'DENIED',0.00),
(102,48,4,'2026-05-16',19084.21,'SUBMITTED',0.00),
(103,39,4,'2025-08-18',6659.82,'SUBMITTED',0.00),
(104,41,4,'2025-12-05',58639.70,'SUBMITTED',0.00),
(105,40,4,'2025-09-05',6104.36,'APPROVED',3485.32),
(106,41,4,'2026-03-12',39776.34,'SUBMITTED',0.00),
(107,42,4,'2025-09-27',61292.72,'APPROVED',26234.46),
(108,43,4,'2025-09-18',40261.01,'APPROVED',34135.28),
(109,41,4,'2026-02-27',5946.16,'APPROVED',3522.50),
(110,44,4,'2025-11-24',79590.16,'APPROVED',50175.02),
(111,38,4,'2026-04-22',78658.69,'PAID',78658.69),
(112,43,4,'2026-06-10',75216.14,'APPROVED',53748.11),
(113,37,4,'2026-07-18',44069.47,'DENIED',0.00),
(114,44,4,'2026-06-10',19904.27,'SUBMITTED',0.00),
(115,47,4,'2025-11-04',22697.44,'PAID',22697.44),
(116,42,4,'2025-08-06',64579.28,'SUBMITTED',0.00),
(117,43,4,'2025-11-01',77662.62,'PAID',77662.62),
(118,48,4,'2026-05-05',32854.90,'SUBMITTED',0.00),
(119,40,4,'2025-10-16',11855.12,'DENIED',0.00),
(120,47,4,'2025-08-02',31663.83,'APPROVED',23768.90),
(121,50,5,'2025-10-16',22450.60,'DENIED',0.00),
(122,56,5,'2026-07-07',6601.46,'PAID',6601.46),
(123,54,5,'2026-07-05',23802.22,'SUBMITTED',0.00),
(124,56,5,'2026-07-15',46926.86,'PAID',46926.86),
(125,52,5,'2026-05-06',45771.54,'DENIED',0.00),
(126,60,5,'2026-03-09',70074.64,'APPROVED',30443.11),
(127,51,5,'2026-03-10',66456.39,'DENIED',0.00),
(128,56,5,'2025-08-25',52851.95,'PAID',52851.95),
(129,60,5,'2025-10-01',51480.10,'DENIED',0.00),
(130,58,5,'2025-11-11',59075.27,'PAID',59075.27),
(131,52,5,'2026-04-22',42316.19,'APPROVED',29897.22),
(132,54,5,'2026-02-21',29151.80,'SUBMITTED',0.00),
(133,57,5,'2026-06-03',8283.29,'APPROVED',4053.17),
(134,49,5,'2025-11-04',41402.77,'SUBMITTED',0.00),
(135,49,5,'2026-05-21',67722.46,'PAID',67722.46),
(136,57,5,'2026-05-23',49272.57,'SUBMITTED',0.00),
(137,54,5,'2025-11-20',58838.39,'SUBMITTED',0.00),
(138,52,5,'2026-06-16',74630.28,'SUBMITTED',0.00),
(139,56,5,'2026-06-02',32069.45,'PAID',32069.45),
(140,54,5,'2026-07-02',66773.22,'DENIED',0.00),
(141,57,5,'2025-08-24',10279.11,'DENIED',0.00),
(142,50,5,'2025-11-17',12283.94,'APPROVED',8179.02),
(143,52,5,'2025-11-17',54265.74,'APPROVED',36857.93),
(144,57,5,'2026-02-24',12913.56,'DENIED',0.00),
(145,59,5,'2026-03-23',54893.18,'SUBMITTED',0.00),
(146,51,5,'2025-10-18',35116.79,'DENIED',0.00),
(147,59,5,'2025-10-18',79882.52,'PAID',79882.52),
(148,54,5,'2026-01-18',79359.72,'DENIED',0.00),
(149,54,5,'2026-02-25',52493.06,'DENIED',0.00),
(150,58,5,'2025-11-19',45921.97,'PAID',45921.97),
(151,69,6,'2026-07-09',32000.64,'PAID',32000.64),
(152,68,6,'2026-02-01',59473.50,'DENIED',0.00),
(153,70,6,'2025-08-17',15131.43,'DENIED',0.00),
(154,61,6,'2025-12-08',21111.71,'DENIED',0.00),
(155,61,6,'2026-07-27',25696.79,'APPROVED',11490.15),
(156,68,6,'2026-01-05',15380.61,'DENIED',0.00),
(157,70,6,'2025-11-08',24218.29,'DENIED',0.00),
(158,62,6,'2026-05-13',47679.87,'APPROVED',36576.80),
(159,72,6,'2026-01-26',41189.99,'PAID',41189.99),
(160,72,6,'2026-07-19',66463.64,'SUBMITTED',0.00),
(161,70,6,'2026-06-10',7802.87,'PAID',7802.87),
(162,62,6,'2025-08-25',30079.22,'PAID',30079.22),
(163,67,6,'2025-09-25',22003.83,'SUBMITTED',0.00),
(164,71,6,'2026-06-13',9059.60,'SUBMITTED',0.00),
(165,66,6,'2026-04-19',16218.50,'APPROVED',7729.72),
(166,71,6,'2026-07-13',77828.02,'SUBMITTED',0.00),
(167,64,6,'2026-02-10',63977.62,'APPROVED',29819.62),
(168,62,6,'2026-03-19',60898.63,'PAID',60898.63),
(169,65,6,'2025-09-13',42636.73,'APPROVED',33299.99),
(170,68,6,'2026-04-07',41589.58,'APPROVED',28305.19),
(171,72,6,'2026-04-08',23173.63,'DENIED',0.00),
(172,67,6,'2026-01-22',74310.36,'SUBMITTED',0.00),
(173,62,6,'2026-06-14',36765.55,'DENIED',0.00),
(174,64,6,'2026-01-12',49540.79,'SUBMITTED',0.00),
(175,65,6,'2025-10-12',51216.57,'PAID',51216.57),
(176,70,6,'2025-10-15',8365.82,'APPROVED',4181.59),
(177,66,6,'2025-10-25',59636.51,'SUBMITTED',0.00),
(178,62,6,'2026-07-02',23228.62,'APPROVED',19381.41),
(179,65,6,'2025-08-11',57034.64,'SUBMITTED',0.00),
(180,65,6,'2026-03-16',6706.11,'APPROVED',5163.75),
(181,76,7,'2025-11-18',44244.94,'DENIED',0.00),
(182,81,7,'2026-03-20',59744.27,'APPROVED',44660.97),
(183,83,7,'2025-08-13',48725.37,'SUBMITTED',0.00),
(184,77,7,'2025-10-02',26301.02,'DENIED',0.00),
(185,73,7,'2026-03-21',75888.24,'SUBMITTED',0.00),
(186,79,7,'2026-06-09',54723.62,'DENIED',0.00),
(187,74,7,'2025-08-10',70055.78,'PAID',70055.78),
(188,76,7,'2026-02-17',78245.90,'SUBMITTED',0.00),
(189,78,7,'2026-03-20',44867.05,'APPROVED',22408.29),
(190,80,7,'2026-04-23',6611.63,'APPROVED',5693.51),
(191,77,7,'2026-01-16',34504.99,'APPROVED',14118.96),
(192,83,7,'2026-01-12',51892.32,'APPROVED',46599.16),
(193,81,7,'2025-12-26',9650.73,'DENIED',0.00),
(194,79,7,'2025-08-18',76183.73,'APPROVED',36252.34),
(195,79,7,'2026-06-05',11584.63,'PAID',11584.63),
(196,81,7,'2026-06-20',70452.61,'APPROVED',42882.16),
(197,82,7,'2025-10-14',77790.29,'DENIED',0.00),
(198,80,7,'2026-04-05',20506.80,'APPROVED',14160.26),
(199,83,7,'2025-11-05',28174.88,'APPROVED',17328.46),
(200,75,7,'2026-06-19',73783.41,'DENIED',0.00),
(201,74,7,'2026-04-18',76145.12,'SUBMITTED',0.00),
(202,75,7,'2026-01-27',70972.86,'SUBMITTED',0.00),
(203,78,7,'2026-02-14',27751.11,'DENIED',0.00),
(204,75,7,'2025-11-04',14865.94,'SUBMITTED',0.00),
(205,82,7,'2026-05-09',50420.34,'APPROVED',35202.49),
(206,76,7,'2026-06-01',31944.60,'PAID',31944.60),
(207,75,7,'2026-04-20',40157.26,'DENIED',0.00),
(208,75,7,'2026-02-16',40538.52,'APPROVED',20132.64),
(209,73,7,'2026-02-25',77661.13,'DENIED',0.00),
(210,79,7,'2025-11-24',55350.43,'APPROVED',43111.80),
(211,86,8,'2025-10-15',70034.68,'PAID',70034.68),
(212,96,8,'2026-01-15',71569.02,'PAID',71569.02),
(213,91,8,'2025-08-20',60149.88,'PAID',60149.88),
(214,96,8,'2026-01-13',50862.87,'SUBMITTED',0.00),
(215,93,8,'2025-09-15',39267.53,'SUBMITTED',0.00),
(216,88,8,'2026-04-18',34670.84,'SUBMITTED',0.00),
(217,93,8,'2026-02-17',62386.99,'SUBMITTED',0.00),
(218,88,8,'2025-12-15',34852.99,'DENIED',0.00),
(219,89,8,'2026-03-06',36684.66,'SUBMITTED',0.00),
(220,96,8,'2026-04-05',39768.42,'PAID',39768.42),
(221,86,8,'2026-07-17',13487.87,'APPROVED',8045.96),
(222,90,8,'2026-03-01',18415.89,'APPROVED',15492.81),
(223,86,8,'2025-12-11',56878.81,'APPROVED',43181.67),
(224,86,8,'2025-09-04',57967.00,'DENIED',0.00),
(225,86,8,'2026-04-23',33806.55,'APPROVED',19923.53),
(226,91,8,'2025-08-25',17816.37,'DENIED',0.00),
(227,94,8,'2026-06-05',17159.31,'APPROVED',8398.34),
(228,96,8,'2025-08-14',28104.67,'PAID',28104.67),
(229,89,8,'2026-06-06',13816.55,'APPROVED',12161.56),
(230,85,8,'2026-05-25',23983.32,'PAID',23983.32),
(231,92,8,'2026-03-18',65559.09,'PAID',65559.09),
(232,88,8,'2025-11-19',54460.30,'PAID',54460.30),
(233,91,8,'2026-03-03',50091.24,'SUBMITTED',0.00),
(234,88,8,'2026-04-09',51482.45,'APPROVED',21852.21),
(235,87,8,'2025-08-21',31176.49,'APPROVED',25780.30),
(236,95,8,'2026-05-27',50246.41,'DENIED',0.00),
(237,86,8,'2025-08-04',36271.77,'APPROVED',17434.67),
(238,89,8,'2026-05-22',56863.52,'APPROVED',50218.83),
(239,96,8,'2026-05-12',74860.99,'SUBMITTED',0.00),
(240,89,8,'2026-01-12',72314.73,'SUBMITTED',0.00);

-- PAYMENTS
INSERT INTO PAYMENTS (PAYMENT_ID,CLAIM_ID,CUSTOMER_ID,BRANCH_ID,PAYMENT_DATE,PAYMENT_AMOUNT,PAYMENT_MODE) VALUES
(1,2,3,1,'2026-08-11',30700.35,'BANK_TRANSFER'),
(2,3,10,1,'2026-05-23',22236.03,'BANK_TRANSFER'),
(3,4,3,1,'2025-09-21',20176.14,'BANK_TRANSFER'),
(4,6,9,1,'2026-05-15',13813.73,'BANK_TRANSFER'),
(5,9,1,1,'2026-08-06',37171.72,'BANK_TRANSFER'),
(6,11,7,1,'2025-10-29',34873.42,'BANK_TRANSFER'),
(7,12,2,1,'2026-01-09',70757.47,'BANK_TRANSFER'),
(8,14,10,1,'2026-04-24',43982.14,'BANK_TRANSFER'),
(9,15,11,1,'2025-12-13',65321.54,'BANK_TRANSFER'),
(10,18,11,1,'2026-03-17',20277.02,'BANK_TRANSFER'),
(11,20,5,1,'2026-06-01',63064.59,'BANK_TRANSFER'),
(12,21,12,1,'2025-11-11',8683.42,'BANK_TRANSFER'),
(13,22,12,1,'2025-10-24',21084.36,'BANK_TRANSFER'),
(14,28,12,1,'2026-05-22',54679.72,'BANK_TRANSFER'),
(15,30,4,1,'2025-09-15',35354.01,'BANK_TRANSFER'),
(16,36,16,2,'2026-05-27',39106.93,'BANK_TRANSFER'),
(17,40,24,2,'2026-04-02',36785.69,'BANK_TRANSFER'),
(18,42,20,2,'2025-09-29',7433.72,'BANK_TRANSFER'),
(19,44,24,2,'2025-12-28',26546.72,'BANK_TRANSFER'),
(20,45,23,2,'2026-08-16',19562.87,'BANK_TRANSFER'),
(21,46,18,2,'2025-12-09',16354.84,'BANK_TRANSFER'),
(22,49,15,2,'2025-09-24',74014.11,'BANK_TRANSFER'),
(23,55,21,2,'2026-02-02',43706.43,'BANK_TRANSFER'),
(24,58,18,2,'2026-02-09',46955.73,'BANK_TRANSFER'),
(25,60,18,2,'2025-11-05',36795.72,'BANK_TRANSFER'),
(26,62,32,3,'2025-11-08',11973.61,'BANK_TRANSFER'),
(27,63,36,3,'2026-01-15',22685.39,'BANK_TRANSFER'),
(28,64,31,3,'2025-11-25',41373.87,'BANK_TRANSFER'),
(29,67,31,3,'2025-10-13',13919.70,'BANK_TRANSFER'),
(30,70,30,3,'2025-09-03',9701.87,'BANK_TRANSFER'),
(31,72,30,3,'2026-02-11',43283.34,'BANK_TRANSFER'),
(32,73,26,3,'2026-03-12',22095.46,'BANK_TRANSFER'),
(33,74,35,3,'2026-02-03',52345.51,'BANK_TRANSFER'),
(34,76,30,3,'2026-06-30',58282.51,'BANK_TRANSFER'),
(35,78,36,3,'2026-06-06',77414.45,'BANK_TRANSFER'),
(36,79,27,3,'2025-10-21',10510.47,'BANK_TRANSFER'),
(37,80,36,3,'2026-08-13',6586.66,'BANK_TRANSFER'),
(38,83,29,3,'2026-05-25',11323.34,'BANK_TRANSFER'),
(39,84,29,3,'2025-11-28',60319.49,'BANK_TRANSFER'),
(40,85,35,3,'2025-10-25',18438.06,'BANK_TRANSFER'),
(41,86,35,3,'2026-01-31',69818.09,'BANK_TRANSFER'),
(42,87,33,3,'2026-01-07',26678.48,'BANK_TRANSFER'),
(43,88,32,3,'2026-07-14',52688.84,'BANK_TRANSFER'),
(44,90,32,3,'2026-04-28',65353.08,'BANK_TRANSFER'),
(45,92,37,4,'2025-09-06',37835.98,'BANK_TRANSFER'),
(46,93,44,4,'2026-04-21',56582.75,'BANK_TRANSFER'),
(47,96,40,4,'2026-03-10',18197.60,'BANK_TRANSFER'),
(48,97,48,4,'2026-07-03',35680.00,'BANK_TRANSFER'),
(49,105,40,4,'2025-09-25',3485.32,'BANK_TRANSFER'),
(50,107,42,4,'2025-10-17',26234.46,'BANK_TRANSFER'),
(51,108,43,4,'2025-10-08',34135.28,'BANK_TRANSFER'),
(52,109,41,4,'2026-03-19',3522.50,'BANK_TRANSFER'),
(53,110,44,4,'2025-12-14',50175.02,'BANK_TRANSFER'),
(54,111,38,4,'2026-05-12',78658.69,'BANK_TRANSFER'),
(55,112,43,4,'2026-06-30',53748.11,'BANK_TRANSFER'),
(56,115,47,4,'2025-11-24',22697.44,'BANK_TRANSFER'),
(57,117,43,4,'2025-11-21',77662.62,'BANK_TRANSFER'),
(58,120,47,4,'2025-08-22',23768.90,'BANK_TRANSFER'),
(59,122,56,5,'2026-07-27',6601.46,'BANK_TRANSFER'),
(60,124,56,5,'2026-08-04',46926.86,'BANK_TRANSFER'),
(61,126,60,5,'2026-03-29',30443.11,'BANK_TRANSFER'),
(62,128,56,5,'2025-09-14',52851.95,'BANK_TRANSFER'),
(63,130,58,5,'2025-12-01',59075.27,'BANK_TRANSFER'),
(64,131,52,5,'2026-05-12',29897.22,'BANK_TRANSFER'),
(65,133,57,5,'2026-06-23',4053.17,'BANK_TRANSFER'),
(66,135,49,5,'2026-06-10',67722.46,'BANK_TRANSFER'),
(67,139,56,5,'2026-06-22',32069.45,'BANK_TRANSFER'),
(68,142,50,5,'2025-12-07',8179.02,'BANK_TRANSFER'),
(69,143,52,5,'2025-12-07',36857.93,'BANK_TRANSFER'),
(70,147,59,5,'2025-11-07',79882.52,'BANK_TRANSFER'),
(71,150,58,5,'2025-12-09',45921.97,'BANK_TRANSFER'),
(72,151,69,6,'2026-07-29',32000.64,'BANK_TRANSFER'),
(73,155,61,6,'2026-08-16',11490.15,'BANK_TRANSFER'),
(74,158,62,6,'2026-06-02',36576.80,'BANK_TRANSFER'),
(75,159,72,6,'2026-02-15',41189.99,'BANK_TRANSFER'),
(76,161,70,6,'2026-06-30',7802.87,'BANK_TRANSFER'),
(77,162,62,6,'2025-09-14',30079.22,'BANK_TRANSFER'),
(78,165,66,6,'2026-05-09',7729.72,'BANK_TRANSFER'),
(79,167,64,6,'2026-03-02',29819.62,'BANK_TRANSFER'),
(80,168,62,6,'2026-04-08',60898.63,'BANK_TRANSFER'),
(81,169,65,6,'2025-10-03',33299.99,'BANK_TRANSFER'),
(82,170,68,6,'2026-04-27',28305.19,'BANK_TRANSFER'),
(83,175,65,6,'2025-11-01',51216.57,'BANK_TRANSFER'),
(84,176,70,6,'2025-11-04',4181.59,'BANK_TRANSFER'),
(85,178,62,6,'2026-07-22',19381.41,'BANK_TRANSFER'),
(86,180,65,6,'2026-04-05',5163.75,'BANK_TRANSFER'),
(87,182,81,7,'2026-04-09',44660.97,'BANK_TRANSFER'),
(88,187,74,7,'2025-08-30',70055.78,'BANK_TRANSFER'),
(89,189,78,7,'2026-04-09',22408.29,'BANK_TRANSFER'),
(90,190,80,7,'2026-05-13',5693.51,'BANK_TRANSFER'),
(91,191,77,7,'2026-02-05',14118.96,'BANK_TRANSFER'),
(92,192,83,7,'2026-02-01',46599.16,'BANK_TRANSFER'),
(93,194,79,7,'2025-09-07',36252.34,'BANK_TRANSFER'),
(94,195,79,7,'2026-06-25',11584.63,'BANK_TRANSFER'),
(95,196,81,7,'2026-07-10',42882.16,'BANK_TRANSFER'),
(96,198,80,7,'2026-04-25',14160.26,'BANK_TRANSFER'),
(97,199,83,7,'2025-11-25',17328.46,'BANK_TRANSFER'),
(98,205,82,7,'2026-05-29',35202.49,'BANK_TRANSFER'),
(99,206,76,7,'2026-06-21',31944.60,'BANK_TRANSFER'),
(100,208,75,7,'2026-03-08',20132.64,'BANK_TRANSFER'),
(101,210,79,7,'2025-12-14',43111.80,'BANK_TRANSFER'),
(102,211,86,8,'2025-11-04',70034.68,'BANK_TRANSFER'),
(103,212,96,8,'2026-02-04',71569.02,'BANK_TRANSFER'),
(104,213,91,8,'2025-09-09',60149.88,'BANK_TRANSFER'),
(105,220,96,8,'2026-04-25',39768.42,'BANK_TRANSFER'),
(106,221,86,8,'2026-08-06',8045.96,'BANK_TRANSFER'),
(107,222,90,8,'2026-03-21',15492.81,'BANK_TRANSFER'),
(108,223,86,8,'2025-12-31',43181.67,'BANK_TRANSFER'),
(109,225,86,8,'2026-05-13',19923.53,'BANK_TRANSFER'),
(110,227,94,8,'2026-06-25',8398.34,'BANK_TRANSFER'),
(111,228,96,8,'2025-09-03',28104.67,'BANK_TRANSFER'),
(112,229,89,8,'2026-06-26',12161.56,'BANK_TRANSFER'),
(113,230,85,8,'2026-06-14',23983.32,'BANK_TRANSFER'),
(114,231,92,8,'2026-04-07',65559.09,'BANK_TRANSFER'),
(115,232,88,8,'2025-12-09',54460.30,'BANK_TRANSFER'),
(116,234,88,8,'2026-04-29',21852.21,'BANK_TRANSFER'),
(117,235,87,8,'2025-09-10',25780.30,'BANK_TRANSFER'),
(118,237,86,8,'2025-08-24',17434.67,'BANK_TRANSFER'),
(119,238,89,8,'2026-06-11',50218.83,'BANK_TRANSFER');

-- INVENTORY
INSERT INTO INVENTORY (INVENTORY_ID,BRANCH_ID,PRODUCT_ID,QUANTITY_ON_HAND,REORDER_LEVEL,LAST_RESTOCK_DATE) VALUES
(1,1,1,388,50,'2026-06-30'),
(2,1,2,218,50,'2026-06-30'),
(3,1,3,431,50,'2026-06-30'),
(4,1,4,281,50,'2026-06-30'),
(5,2,1,33,50,'2026-06-30'),
(6,2,2,149,50,'2026-06-30'),
(7,2,3,241,50,'2026-06-30'),
(8,2,4,68,50,'2026-06-30'),
(9,3,1,62,50,'2026-06-30'),
(10,3,2,355,50,'2026-06-30'),
(11,3,3,440,50,'2026-06-30'),
(12,3,4,140,50,'2026-06-30'),
(13,4,1,168,50,'2026-06-30'),
(14,4,2,269,50,'2026-06-30'),
(15,4,3,211,50,'2026-06-30'),
(16,4,4,268,50,'2026-06-30'),
(17,5,1,107,50,'2026-06-30'),
(18,5,2,356,50,'2026-06-30'),
(19,5,3,107,50,'2026-06-30'),
(20,5,4,313,50,'2026-06-30'),
(21,6,1,29,50,'2026-06-30'),
(22,6,2,55,50,'2026-06-30'),
(23,6,3,292,50,'2026-06-30'),
(24,6,4,373,50,'2026-06-30'),
(25,7,1,322,50,'2026-06-30'),
(26,7,2,270,50,'2026-06-30'),
(27,7,3,44,50,'2026-06-30'),
(28,7,4,247,50,'2026-06-30'),
(29,8,1,370,50,'2026-06-30'),
(30,8,2,352,50,'2026-06-30'),
(31,8,3,309,50,'2026-06-30'),
(32,8,4,478,50,'2026-06-30');

-- PROCUREMENT
INSERT INTO PROCUREMENT (PURCHASE_ORDER_ID,BRANCH_ID,PRODUCT_ID,SUPPLIER_NAME,ORDER_DATE,QUANTITY_ORDERED,ORDER_AMOUNT,ORDER_STATUS) VALUES
(1,1,6,'Prime Vendors','2026-02-20',197,3546000.00,'RECEIVED'),
(2,1,5,'Metro Wholesale','2026-05-12',344,10320000.00,'OPEN'),
(3,1,5,'Global Traders','2026-03-16',373,11190000.00,'OPEN'),
(4,1,6,'Acme Supplies','2025-11-01',198,3564000.00,'OPEN'),
(5,1,4,'Metro Wholesale','2025-09-24',370,5550000.00,'OPEN'),
(6,1,4,'Global Traders','2026-01-12',73,1095000.00,'CANCELLED'),
(7,1,1,'Prime Vendors','2025-11-23',377,2714400.00,'RECEIVED'),
(8,1,1,'Prime Vendors','2025-12-17',207,1490400.00,'CANCELLED'),
(9,1,1,'Metro Wholesale','2026-06-11',108,777600.00,'RECEIVED'),
(10,1,6,'Global Traders','2026-05-01',341,6138000.00,'OPEN'),
(11,2,3,'Acme Supplies','2026-06-16',223,1204200.00,'RECEIVED'),
(12,2,6,'Metro Wholesale','2026-03-05',119,2142000.00,'CANCELLED'),
(13,2,5,'Acme Supplies','2026-03-26',221,6630000.00,'RECEIVED'),
(14,2,5,'Prime Vendors','2026-05-24',203,6090000.00,'CANCELLED'),
(15,2,5,'Prime Vendors','2025-08-07',324,9720000.00,'CANCELLED'),
(16,2,3,'Prime Vendors','2025-10-09',83,448200.00,'OPEN'),
(17,2,4,'Metro Wholesale','2026-04-27',370,5550000.00,'OPEN'),
(18,2,2,'Prime Vendors','2025-09-26',354,3823200.00,'RECEIVED'),
(19,2,6,'Metro Wholesale','2025-12-14',66,1188000.00,'OPEN'),
(20,2,2,'Global Traders','2026-03-27',240,2592000.00,'RECEIVED'),
(21,3,5,'Acme Supplies','2025-10-04',204,6120000.00,'RECEIVED'),
(22,3,2,'Metro Wholesale','2026-03-17',97,1047600.00,'OPEN'),
(23,3,5,'Prime Vendors','2025-11-11',128,3840000.00,'RECEIVED'),
(24,3,3,'Global Traders','2025-09-27',123,664200.00,'CANCELLED'),
(25,3,2,'Acme Supplies','2026-03-13',68,734400.00,'CANCELLED'),
(26,3,1,'Acme Supplies','2025-08-22',209,1504800.00,'CANCELLED'),
(27,3,3,'Prime Vendors','2025-08-04',289,1560600.00,'CANCELLED'),
(28,3,1,'Prime Vendors','2025-12-21',345,2484000.00,'OPEN'),
(29,3,2,'Prime Vendors','2025-12-09',148,1598400.00,'CANCELLED'),
(30,3,4,'Global Traders','2025-09-09',393,5895000.00,'OPEN'),
(31,4,3,'Acme Supplies','2025-08-20',108,583200.00,'CANCELLED'),
(32,4,2,'Prime Vendors','2026-01-18',327,3531600.00,'RECEIVED'),
(33,4,2,'Acme Supplies','2026-05-08',195,2106000.00,'OPEN'),
(34,4,3,'Acme Supplies','2026-01-18',363,1960200.00,'RECEIVED'),
(35,4,2,'Acme Supplies','2026-03-22',64,691200.00,'OPEN'),
(36,4,4,'Global Traders','2025-09-14',77,1155000.00,'RECEIVED'),
(37,4,6,'Metro Wholesale','2026-05-21',355,6390000.00,'CANCELLED'),
(38,4,5,'Acme Supplies','2025-12-11',232,6960000.00,'OPEN'),
(39,4,4,'Metro Wholesale','2025-10-03',340,5100000.00,'CANCELLED'),
(40,4,1,'Metro Wholesale','2025-12-22',283,2037600.00,'CANCELLED'),
(41,5,4,'Prime Vendors','2025-11-05',168,2520000.00,'CANCELLED'),
(42,5,3,'Prime Vendors','2025-10-23',250,1350000.00,'CANCELLED'),
(43,5,3,'Metro Wholesale','2026-03-01',282,1522800.00,'OPEN'),
(44,5,1,'Prime Vendors','2026-03-15',229,1648800.00,'OPEN'),
(45,5,3,'Acme Supplies','2026-05-05',359,1938600.00,'CANCELLED'),
(46,5,4,'Acme Supplies','2026-01-18',104,1560000.00,'CANCELLED'),
(47,5,3,'Metro Wholesale','2026-03-13',322,1738800.00,'CANCELLED'),
(48,5,2,'Metro Wholesale','2025-11-18',367,3963600.00,'OPEN'),
(49,5,4,'Metro Wholesale','2026-01-07',83,1245000.00,'CANCELLED'),
(50,5,4,'Global Traders','2026-01-18',340,5100000.00,'CANCELLED'),
(51,6,2,'Metro Wholesale','2026-06-03',389,4201200.00,'CANCELLED'),
(52,6,1,'Acme Supplies','2026-05-15',353,2541600.00,'RECEIVED'),
(53,6,4,'Acme Supplies','2025-12-13',140,2100000.00,'OPEN'),
(54,6,6,'Acme Supplies','2026-02-11',355,6390000.00,'RECEIVED'),
(55,6,1,'Acme Supplies','2025-10-19',161,1159200.00,'CANCELLED'),
(56,6,2,'Prime Vendors','2025-10-15',388,4190400.00,'CANCELLED'),
(57,6,4,'Global Traders','2026-05-15',365,5475000.00,'OPEN'),
(58,6,6,'Prime Vendors','2025-12-19',212,3816000.00,'CANCELLED'),
(59,6,4,'Metro Wholesale','2025-09-19',226,3390000.00,'OPEN'),
(60,6,2,'Acme Supplies','2025-08-12',200,2160000.00,'CANCELLED'),
(61,7,1,'Acme Supplies','2026-01-04',336,2419200.00,'RECEIVED'),
(62,7,2,'Prime Vendors','2026-07-19',271,2926800.00,'RECEIVED'),
(63,7,6,'Global Traders','2026-02-13',245,4410000.00,'RECEIVED'),
(64,7,6,'Metro Wholesale','2026-03-05',138,2484000.00,'OPEN'),
(65,7,3,'Global Traders','2025-10-10',263,1420200.00,'CANCELLED'),
(66,7,2,'Global Traders','2025-09-21',55,594000.00,'OPEN'),
(67,7,6,'Acme Supplies','2026-06-14',299,5382000.00,'OPEN'),
(68,7,2,'Metro Wholesale','2026-02-15',378,4082400.00,'CANCELLED'),
(69,7,5,'Metro Wholesale','2026-03-17',142,4260000.00,'RECEIVED'),
(70,7,4,'Acme Supplies','2025-11-06',231,3465000.00,'RECEIVED'),
(71,8,5,'Prime Vendors','2026-07-08',305,9150000.00,'CANCELLED'),
(72,8,4,'Acme Supplies','2026-05-12',329,4935000.00,'OPEN'),
(73,8,5,'Metro Wholesale','2026-07-12',297,8910000.00,'OPEN'),
(74,8,6,'Prime Vendors','2025-10-24',90,1620000.00,'CANCELLED'),
(75,8,4,'Acme Supplies','2025-09-17',314,4710000.00,'CANCELLED'),
(76,8,2,'Acme Supplies','2026-06-24',291,3142800.00,'CANCELLED'),
(77,8,6,'Prime Vendors','2026-04-26',374,6732000.00,'CANCELLED'),
(78,8,5,'Metro Wholesale','2026-01-18',77,2310000.00,'OPEN'),
(79,8,4,'Prime Vendors','2026-03-19',312,4680000.00,'CANCELLED'),
(80,8,4,'Acme Supplies','2025-12-10',230,3450000.00,'OPEN');

SET FOREIGN_KEY_CHECKS = 1;
-- End of seed.
