-- Auto-generated by scripts/gen_seed.py — deterministic seed data.
-- All table/column identifiers UPPERCASE. Load AFTER 01_schema.sql.
USE ENTERPRISE_BI;
SET FOREIGN_KEY_CHECKS = 0;
SET NAMES utf8mb4;

-- ROLES
INSERT INTO ROLES (ROLE_ID,ROLE_NAME,DESCRIPTION) VALUES
(1,'BUSINESS_ANALYST','Read business metrics, build reports'),
(2,'MANAGER','Branch and regional oversight'),
(3,'FINANCE','Finance, claims, payments, revenue'),
(4,'SALES','Sales and collections'),
(5,'ADMIN','Full access');

-- USERS
INSERT INTO USERS (USER_ID,USERNAME,EMAIL,ROLE_ID,PASSWORD_HASH,IS_ACTIVE) VALUES
(1,'analyst','analyst@abccorp.example',1,'$2b$12$abcdefghijklmnopqrstuvREPLACEWITHREALHASHxxxxxxxxxxxxxx',1),
(2,'manager','manager@abccorp.example',2,'$2b$12$abcdefghijklmnopqrstuvREPLACEWITHREALHASHxxxxxxxxxxxxxx',1),
(3,'finance','finance@abccorp.example',3,'$2b$12$abcdefghijklmnopqrstuvREPLACEWITHREALHASHxxxxxxxxxxxxxx',1),
(4,'sales','sales@abccorp.example',4,'$2b$12$abcdefghijklmnopqrstuvREPLACEWITHREALHASHxxxxxxxxxxxxxx',1),
(5,'admin','admin@abccorp.example',5,'$2b$12$abcdefghijklmnopqrstuvREPLACEWITHREALHASHxxxxxxxxxxxxxx',1);

-- REGIONS
INSERT INTO REGIONS (REGION_ID,REGION_NAME,COUNTRY) VALUES
(1,'SOUTH','India'),
(2,'NORTH','India'),
(3,'EAST','India'),
(4,'WEST','India');

-- BRANCHES
INSERT INTO BRANCHES (BRANCH_ID,BRANCH_NAME,REGION_ID,STATE,CITY,OPENED_DATE,IS_ACTIVE) VALUES
(1,'Chennai Central',1,'Tamil Nadu','Chennai','2019-01-10',1),
(2,'Bangalore Whitefield',1,'Karnataka','Bangalore','2019-01-10',1),
(3,'Kochi Marine Drive',1,'Kerala','Kochi','2019-01-10',1),
(4,'Trivandrum City',1,'Kerala','Trivandrum','2019-01-10',1),
(5,'Hyderabad Hitec',1,'Telangana','Hyderabad','2019-01-10',1),
(6,'Mumbai Andheri',4,'Maharashtra','Mumbai','2019-01-10',1),
(7,'Delhi Connaught',2,'Delhi','New Delhi','2019-01-10',1),
(8,'Kolkata Salt Lake',3,'West Bengal','Kolkata','2019-01-10',1);

-- PRODUCTS
INSERT INTO PRODUCTS (PRODUCT_ID,PRODUCT_NAME,CATEGORY,UNIT_PRICE,IS_ACTIVE) VALUES
(1,'Term Insurance Plus','INSURANCE',12000.00,1),
(2,'Health Shield Gold','INSURANCE',18000.00,1),
(3,'Motor Secure','INSURANCE',9000.00,1),
(4,'Wealth Builder ULIP','INVESTMENT',25000.00,1),
(5,'Fixed Deposit Prime','INVESTMENT',50000.00,1),
(6,'Home Loan Assist','LENDING',30000.00,1);

-- CUSTOMERS
INSERT INTO CUSTOMERS (CUSTOMER_ID,CUSTOMER_NAME,STATE,CITY,SEGMENT,BRANCH_ID) VALUES
(1,'Customer 001','Tamil Nadu','Chennai','CORPORATE',1),
(2,'Customer 002','Tamil Nadu','Chennai','RETAIL',1),
(3,'Customer 003','Tamil Nadu','Chennai','SME',1),
(4,'Customer 004','Tamil Nadu','Chennai','CORPORATE',1),
(5,'Customer 005','Tamil Nadu','Chennai','RETAIL',1),
(6,'Customer 006','Karnataka','Bangalore','RETAIL',2),
(7,'Customer 007','Karnataka','Bangalore','SME',2),
(8,'Customer 008','Karnataka','Bangalore','CORPORATE',2),
(9,'Customer 009','Karnataka','Bangalore','RETAIL',2),
(10,'Customer 010','Karnataka','Bangalore','SME',2),
(11,'Customer 011','Kerala','Kochi','SME',3),
(12,'Customer 012','Kerala','Kochi','CORPORATE',3),
(13,'Customer 013','Kerala','Kochi','RETAIL',3),
(14,'Customer 014','Kerala','Kochi','SME',3),
(15,'Customer 015','Kerala','Kochi','CORPORATE',3),
(16,'Customer 016','Kerala','Trivandrum','CORPORATE',4),
(17,'Customer 017','Kerala','Trivandrum','RETAIL',4),
(18,'Customer 018','Kerala','Trivandrum','SME',4),
(19,'Customer 019','Kerala','Trivandrum','CORPORATE',4),
(20,'Customer 020','Kerala','Trivandrum','RETAIL',4),
(21,'Customer 021','Telangana','Hyderabad','RETAIL',5),
(22,'Customer 022','Telangana','Hyderabad','SME',5),
(23,'Customer 023','Telangana','Hyderabad','CORPORATE',5),
(24,'Customer 024','Telangana','Hyderabad','RETAIL',5),
(25,'Customer 025','Telangana','Hyderabad','SME',5),
(26,'Customer 026','Maharashtra','Mumbai','SME',6),
(27,'Customer 027','Maharashtra','Mumbai','CORPORATE',6),
(28,'Customer 028','Maharashtra','Mumbai','RETAIL',6),
(29,'Customer 029','Maharashtra','Mumbai','SME',6),
(30,'Customer 030','Maharashtra','Mumbai','CORPORATE',6),
(31,'Customer 031','Delhi','New Delhi','CORPORATE',7),
(32,'Customer 032','Delhi','New Delhi','RETAIL',7),
(33,'Customer 033','Delhi','New Delhi','SME',7),
(34,'Customer 034','Delhi','New Delhi','CORPORATE',7),
(35,'Customer 035','Delhi','New Delhi','RETAIL',7),
(36,'Customer 036','West Bengal','Kolkata','RETAIL',8),
(37,'Customer 037','West Bengal','Kolkata','SME',8),
(38,'Customer 038','West Bengal','Kolkata','CORPORATE',8),
(39,'Customer 039','West Bengal','Kolkata','RETAIL',8),
(40,'Customer 040','West Bengal','Kolkata','SME',8);

-- CUSTOMER_ACCOUNTS
INSERT INTO CUSTOMER_ACCOUNTS (ACCOUNT_ID,CUSTOMER_ID,ACCOUNT_STATUS,CREDIT_LIMIT,OUTSTANDING_BALANCE,OPENED_DATE) VALUES
(1,1,'ACTIVE',500000.00,33399.32,'2021-06-01'),
(2,2,'ACTIVE',100000.00,13392.64,'2021-06-01'),
(3,3,'ACTIVE',500000.00,222200.32,'2021-06-01'),
(4,4,'SUSPENDED',500000.00,126576.55,'2021-06-01'),
(5,5,'ACTIVE',100000.00,13959.65,'2021-06-01'),
(6,6,'ACTIVE',500000.00,59651.30,'2021-06-01'),
(7,7,'ACTIVE',500000.00,125855.95,'2021-06-01'),
(8,8,'SUSPENDED',200000.00,97131.65,'2021-06-01'),
(9,9,'ACTIVE',100000.00,41888.36,'2021-06-01'),
(10,10,'ACTIVE',100000.00,12918.83,'2021-06-01'),
(11,11,'SUSPENDED',100000.00,5564.75,'2021-06-01'),
(12,12,'ACTIVE',200000.00,72447.12,'2021-06-01'),
(13,13,'ACTIVE',500000.00,137827.46,'2021-06-01'),
(14,14,'ACTIVE',200000.00,9456.02,'2021-06-01'),
(15,15,'ACTIVE',500000.00,185555.93,'2021-06-01'),
(16,16,'SUSPENDED',500000.00,57686.58,'2021-06-01'),
(17,17,'ACTIVE',500000.00,68369.48,'2021-06-01'),
(18,18,'ACTIVE',100000.00,51319.06,'2021-06-01'),
(19,19,'ACTIVE',200000.00,33356.83,'2021-06-01'),
(20,20,'ACTIVE',200000.00,19518.49,'2021-06-01'),
(21,21,'ACTIVE',500000.00,80093.35,'2021-06-01'),
(22,22,'ACTIVE',500000.00,21420.75,'2021-06-01'),
(23,23,'ACTIVE',500000.00,218738.04,'2021-06-01'),
(24,24,'ACTIVE',200000.00,32393.74,'2021-06-01'),
(25,25,'ACTIVE',500000.00,167084.92,'2021-06-01'),
(26,26,'SUSPENDED',100000.00,13742.88,'2021-06-01'),
(27,27,'SUSPENDED',200000.00,48139.77,'2021-06-01'),
(28,28,'ACTIVE',500000.00,262910.29,'2021-06-01'),
(29,29,'ACTIVE',500000.00,149769.38,'2021-06-01'),
(30,30,'ACTIVE',500000.00,137655.56,'2021-06-01'),
(31,31,'ACTIVE',100000.00,44699.34,'2021-06-01'),
(32,32,'ACTIVE',500000.00,175375.80,'2021-06-01'),
(33,33,'ACTIVE',200000.00,43439.57,'2021-06-01'),
(34,34,'SUSPENDED',100000.00,30571.58,'2021-06-01'),
(35,35,'ACTIVE',100000.00,51666.17,'2021-06-01'),
(36,36,'ACTIVE',100000.00,47524.76,'2021-06-01'),
(37,37,'ACTIVE',100000.00,23086.04,'2021-06-01'),
(38,38,'ACTIVE',200000.00,63493.72,'2021-06-01'),
(39,39,'ACTIVE',100000.00,40817.00,'2021-06-01'),
(40,40,'ACTIVE',500000.00,225263.34,'2021-06-01');

-- EMPLOYEES
INSERT INTO EMPLOYEES (EMPLOYEE_ID,EMPLOYEE_NAME,BRANCH_ID,DEPARTMENT,DESIGNATION,HIRE_DATE,IS_ACTIVE) VALUES
(1,'Employee 001',1,'SALES','EXECUTIVE','2021-03-15',1),
(2,'Employee 002',1,'COLLECTIONS','SENIOR_EXECUTIVE','2021-03-15',1),
(3,'Employee 003',1,'FINANCE','MANAGER','2021-03-15',1),
(4,'Employee 004',1,'OPERATIONS','TEAM_LEAD','2021-03-15',1),
(5,'Employee 005',2,'SALES','EXECUTIVE','2021-03-15',1),
(6,'Employee 006',2,'COLLECTIONS','SENIOR_EXECUTIVE','2021-03-15',1),
(7,'Employee 007',2,'FINANCE','MANAGER','2021-03-15',1),
(8,'Employee 008',2,'OPERATIONS','TEAM_LEAD','2021-03-15',1),
(9,'Employee 009',3,'SALES','EXECUTIVE','2021-03-15',1),
(10,'Employee 010',3,'COLLECTIONS','SENIOR_EXECUTIVE','2021-03-15',1),
(11,'Employee 011',3,'FINANCE','MANAGER','2021-03-15',1),
(12,'Employee 012',3,'OPERATIONS','TEAM_LEAD','2021-03-15',1),
(13,'Employee 013',4,'SALES','EXECUTIVE','2021-03-15',1),
(14,'Employee 014',4,'COLLECTIONS','SENIOR_EXECUTIVE','2021-03-15',1),
(15,'Employee 015',4,'FINANCE','MANAGER','2021-03-15',1),
(16,'Employee 016',4,'OPERATIONS','TEAM_LEAD','2021-03-15',1),
(17,'Employee 017',5,'SALES','EXECUTIVE','2021-03-15',1),
(18,'Employee 018',5,'COLLECTIONS','SENIOR_EXECUTIVE','2021-03-15',1),
(19,'Employee 019',5,'FINANCE','MANAGER','2021-03-15',1),
(20,'Employee 020',5,'OPERATIONS','TEAM_LEAD','2021-03-15',1),
(21,'Employee 021',6,'SALES','EXECUTIVE','2021-03-15',1),
(22,'Employee 022',6,'COLLECTIONS','SENIOR_EXECUTIVE','2021-03-15',1),
(23,'Employee 023',6,'FINANCE','MANAGER','2021-03-15',1),
(24,'Employee 024',6,'OPERATIONS','TEAM_LEAD','2021-03-15',1),
(25,'Employee 025',7,'SALES','EXECUTIVE','2021-03-15',1),
(26,'Employee 026',7,'COLLECTIONS','SENIOR_EXECUTIVE','2021-03-15',1),
(27,'Employee 027',7,'FINANCE','MANAGER','2021-03-15',1),
(28,'Employee 028',7,'OPERATIONS','TEAM_LEAD','2021-03-15',1),
(29,'Employee 029',8,'SALES','EXECUTIVE','2021-03-15',1),
(30,'Employee 030',8,'COLLECTIONS','SENIOR_EXECUTIVE','2021-03-15',1),
(31,'Employee 031',8,'FINANCE','MANAGER','2021-03-15',1),
(32,'Employee 032',8,'OPERATIONS','TEAM_LEAD','2021-03-15',1);

-- EMPLOYEE_PERFORMANCE (Q1 & Q2 FY2026)
INSERT INTO EMPLOYEE_PERFORMANCE (PERFORMANCE_ID,EMPLOYEE_ID,FISCAL_QUARTER,FISCAL_YEAR,SALES_TARGET,SALES_ACHIEVED,PERFORMANCE_SCORE) VALUES
(1,1,'Q1',2026,750000.00,571015.27,76.14),
(2,1,'Q2',2026,750000.00,639601.91,85.28),
(3,2,'Q1',2026,500000.00,612299.38,100.00),
(4,2,'Q2',2026,1000000.00,921202.88,92.12),
(5,3,'Q1',2026,1000000.00,1119079.21,100.00),
(6,3,'Q2',2026,1000000.00,1343208.10,100.00),
(7,4,'Q1',2026,1000000.00,864144.64,86.41),
(8,4,'Q2',2026,1000000.00,1079980.87,100.00),
(9,5,'Q1',2026,500000.00,392030.80,78.41),
(10,5,'Q2',2026,500000.00,550298.18,100.00),
(11,6,'Q1',2026,1000000.00,1205171.42,100.00),
(12,6,'Q2',2026,1000000.00,960701.44,96.07),
(13,7,'Q1',2026,500000.00,380763.62,76.15),
(14,7,'Q2',2026,750000.00,990876.92,100.00),
(15,8,'Q1',2026,750000.00,623774.08,83.17),
(16,8,'Q2',2026,500000.00,660353.12,100.00),
(17,9,'Q1',2026,500000.00,373554.70,74.71),
(18,9,'Q2',2026,750000.00,960311.34,100.00),
(19,10,'Q1',2026,1000000.00,1121208.94,100.00),
(20,10,'Q2',2026,500000.00,589419.02,100.00),
(21,11,'Q1',2026,1000000.00,790819.83,79.08),
(22,11,'Q2',2026,1000000.00,1317081.48,100.00),
(23,12,'Q1',2026,750000.00,922799.70,100.00),
(24,12,'Q2',2026,1000000.00,1240922.38,100.00),
(25,13,'Q1',2026,1000000.00,810633.08,81.06),
(26,13,'Q2',2026,750000.00,757008.75,100.00),
(27,14,'Q1',2026,1000000.00,1057432.93,100.00),
(28,14,'Q2',2026,750000.00,1001061.87,100.00),
(29,15,'Q1',2026,750000.00,574914.23,76.66),
(30,15,'Q2',2026,500000.00,395808.42,79.16),
(31,16,'Q1',2026,500000.00,511784.90,100.00),
(32,16,'Q2',2026,500000.00,566243.04,100.00),
(33,17,'Q1',2026,500000.00,369523.10,73.90),
(34,17,'Q2',2026,1000000.00,788267.95,78.83),
(35,18,'Q1',2026,500000.00,598990.50,100.00),
(36,18,'Q2',2026,750000.00,597042.96,79.61),
(37,19,'Q1',2026,500000.00,426581.25,85.32),
(38,19,'Q2',2026,750000.00,666940.44,88.93),
(39,20,'Q1',2026,500000.00,548921.96,100.00),
(40,20,'Q2',2026,1000000.00,1124537.57,100.00),
(41,21,'Q1',2026,500000.00,565770.34,100.00),
(42,21,'Q2',2026,750000.00,655324.83,87.38),
(43,22,'Q1',2026,500000.00,531220.26,100.00),
(44,22,'Q2',2026,750000.00,768994.58,100.00),
(45,23,'Q1',2026,750000.00,881332.66,100.00),
(46,23,'Q2',2026,500000.00,593843.48,100.00),
(47,24,'Q1',2026,1000000.00,754129.83,75.41),
(48,24,'Q2',2026,750000.00,917504.12,100.00),
(49,25,'Q1',2026,500000.00,418380.49,83.68),
(50,25,'Q2',2026,500000.00,549292.87,100.00),
(51,26,'Q1',2026,500000.00,466017.45,93.20),
(52,26,'Q2',2026,750000.00,788031.18,100.00),
(53,27,'Q1',2026,500000.00,471860.95,94.37),
(54,27,'Q2',2026,1000000.00,813640.67,81.36),
(55,28,'Q1',2026,1000000.00,1249605.36,100.00),
(56,28,'Q2',2026,500000.00,689923.78,100.00),
(57,29,'Q1',2026,500000.00,395735.56,79.15),
(58,29,'Q2',2026,750000.00,797162.23,100.00),
(59,30,'Q1',2026,750000.00,897257.68,100.00),
(60,30,'Q2',2026,500000.00,498166.26,99.63),
(61,31,'Q1',2026,750000.00,634396.26,84.59),
(62,31,'Q2',2026,750000.00,701559.00,93.54),
(63,32,'Q1',2026,1000000.00,1226524.70,100.00),
(64,32,'Q2',2026,1000000.00,1180216.35,100.00);

-- COLLECTIONS (12 months x branches)
INSERT INTO COLLECTIONS (COLLECTION_ID,BRANCH_ID,CUSTOMER_ID,COLLECTION_DATE,COLLECTION_MONTH,COLLECTION_AMOUNT,PAYMENT_MODE) VALUES
(1,1,1,'2025-08-07','2025-08',111552.16,'CHEQUE'),
(2,1,2,'2025-08-02','2025-08',102514.75,'BANK_TRANSFER'),
(3,1,3,'2025-08-02','2025-08',120331.98,'BANK_TRANSFER'),
(4,1,4,'2025-08-17','2025-08',114828.37,'UPI'),
(5,1,5,'2025-08-17','2025-08',97111.15,'BANK_TRANSFER'),
(6,1,1,'2025-09-03','2025-09',125682.06,'BANK_TRANSFER'),
(7,1,2,'2025-09-08','2025-09',119674.37,'CARD'),
(8,1,3,'2025-09-19','2025-09',100732.54,'UPI'),
(9,1,4,'2025-09-02','2025-09',116389.86,'BANK_TRANSFER'),
(10,1,5,'2025-09-19','2025-09',110942.79,'CHEQUE'),
(11,1,1,'2025-10-07','2025-10',130474.06,'CHEQUE'),
(12,1,2,'2025-10-13','2025-10',106373.31,'UPI'),
(13,1,3,'2025-10-10','2025-10',121366.74,'CARD'),
(14,1,4,'2025-10-25','2025-10',109056.56,'BANK_TRANSFER'),
(15,1,5,'2025-10-20','2025-10',98431.01,'BANK_TRANSFER'),
(16,1,1,'2025-11-07','2025-11',102171.05,'CHEQUE'),
(17,1,2,'2025-11-12','2025-11',104251.87,'BANK_TRANSFER'),
(18,1,3,'2025-11-12','2025-11',130503.46,'CHEQUE'),
(19,1,4,'2025-11-27','2025-11',105140.86,'CHEQUE'),
(20,1,5,'2025-11-26','2025-11',121097.20,'BANK_TRANSFER'),
(21,1,1,'2025-12-18','2025-12',124938.04,'CHEQUE'),
(22,1,2,'2025-12-04','2025-12',134354.89,'UPI'),
(23,1,3,'2025-12-04','2025-12',110543.05,'UPI'),
(24,1,4,'2025-12-20','2025-12',110824.33,'UPI'),
(25,1,5,'2025-12-07','2025-12',126713.30,'CHEQUE'),
(26,1,1,'2026-01-09','2026-01',120947.20,'BANK_TRANSFER'),
(27,1,2,'2026-01-14','2026-01',105982.12,'CHEQUE'),
(28,1,3,'2026-01-11','2026-01',104235.63,'UPI'),
(29,1,4,'2026-01-09','2026-01',125718.24,'UPI'),
(30,1,5,'2026-01-18','2026-01',129489.94,'CARD'),
(31,1,1,'2026-02-04','2026-02',124821.74,'BANK_TRANSFER'),
(32,1,2,'2026-02-23','2026-02',138948.47,'UPI'),
(33,1,3,'2026-02-27','2026-02',124258.48,'CHEQUE'),
(34,1,4,'2026-02-05','2026-02',125616.17,'CARD'),
(35,1,5,'2026-02-10','2026-02',108881.38,'CHEQUE'),
(36,1,1,'2026-03-26','2026-03',139335.13,'BANK_TRANSFER'),
(37,1,2,'2026-03-07','2026-03',139333.01,'UPI'),
(38,1,3,'2026-03-12','2026-03',130672.29,'CARD'),
(39,1,4,'2026-03-24','2026-03',142129.65,'UPI'),
(40,1,5,'2026-03-08','2026-03',140334.98,'UPI'),
(41,1,1,'2026-04-26','2026-04',144374.19,'UPI'),
(42,1,2,'2026-04-01','2026-04',140781.84,'UPI'),
(43,1,3,'2026-04-11','2026-04',135292.24,'CARD'),
(44,1,4,'2026-04-24','2026-04',137781.03,'UPI'),
(45,1,5,'2026-04-26','2026-04',117489.29,'BANK_TRANSFER'),
(46,1,1,'2026-05-02','2026-05',123723.16,'CARD'),
(47,1,2,'2026-05-27','2026-05',117563.38,'CARD'),
(48,1,3,'2026-05-27','2026-05',122458.05,'UPI'),
(49,1,4,'2026-05-22','2026-05',117582.23,'UPI'),
(50,1,5,'2026-05-09','2026-05',124335.81,'BANK_TRANSFER'),
(51,1,1,'2026-06-09','2026-06',148421.08,'CHEQUE'),
(52,1,2,'2026-06-13','2026-06',135712.00,'CHEQUE'),
(53,1,3,'2026-06-04','2026-06',147341.10,'CHEQUE'),
(54,1,4,'2026-06-09','2026-06',117632.48,'BANK_TRANSFER'),
(55,1,5,'2026-06-14','2026-06',114892.12,'CHEQUE'),
(56,1,1,'2026-07-11','2026-07',141221.35,'CARD'),
(57,1,2,'2026-07-17','2026-07',136370.97,'BANK_TRANSFER'),
(58,1,3,'2026-07-19','2026-07',127608.23,'UPI'),
(59,1,4,'2026-07-23','2026-07',122435.24,'CARD'),
(60,1,5,'2026-07-26','2026-07',112403.06,'UPI'),
(61,2,6,'2025-08-03','2025-08',122786.10,'CHEQUE'),
(62,2,7,'2025-08-22','2025-08',132729.17,'BANK_TRANSFER'),
(63,2,8,'2025-08-10','2025-08',136438.56,'CHEQUE'),
(64,2,9,'2025-08-11','2025-08',134408.69,'CARD'),
(65,2,10,'2025-08-18','2025-08',135572.80,'UPI'),
(66,2,6,'2025-09-22','2025-09',115515.05,'CARD'),
(67,2,7,'2025-09-06','2025-09',134052.83,'CHEQUE'),
(68,2,8,'2025-09-27','2025-09',123695.53,'BANK_TRANSFER'),
(69,2,9,'2025-09-07','2025-09',119793.06,'CARD'),
(70,2,10,'2025-09-20','2025-09',138193.60,'CHEQUE'),
(71,2,6,'2025-10-15','2025-10',125238.65,'UPI'),
(72,2,7,'2025-10-26','2025-10',126992.34,'UPI'),
(73,2,8,'2025-10-10','2025-10',132599.69,'CHEQUE'),
(74,2,9,'2025-10-25','2025-10',111128.80,'UPI'),
(75,2,10,'2025-10-08','2025-10',133129.18,'UPI'),
(76,2,6,'2025-11-02','2025-11',112543.10,'UPI'),
(77,2,7,'2025-11-20','2025-11',144130.29,'BANK_TRANSFER'),
(78,2,8,'2025-11-21','2025-11',124174.74,'UPI'),
(79,2,9,'2025-11-13','2025-11',134102.29,'CARD'),
(80,2,10,'2025-11-05','2025-11',122069.26,'BANK_TRANSFER'),
(81,2,6,'2025-12-25','2025-12',139894.81,'BANK_TRANSFER'),
(82,2,7,'2025-12-08','2025-12',135605.61,'UPI'),
(83,2,8,'2025-12-23','2025-12',136570.14,'CARD'),
(84,2,9,'2025-12-08','2025-12',108264.80,'BANK_TRANSFER'),
(85,2,10,'2025-12-26','2025-12',123517.47,'CARD'),
(86,2,6,'2026-01-18','2026-01',130706.65,'CHEQUE'),
(87,2,7,'2026-01-15','2026-01',141252.38,'CARD'),
(88,2,8,'2026-01-18','2026-01',136791.94,'CARD'),
(89,2,9,'2026-01-24','2026-01',139279.91,'CARD'),
(90,2,10,'2026-01-25','2026-01',122585.98,'UPI'),
(91,2,6,'2026-02-09','2026-02',136369.68,'CARD'),
(92,2,7,'2026-02-09','2026-02',128457.67,'CARD'),
(93,2,8,'2026-02-10','2026-02',108065.87,'UPI'),
(94,2,9,'2026-02-11','2026-02',115276.84,'BANK_TRANSFER'),
(95,2,10,'2026-02-08','2026-02',110326.47,'CARD'),
(96,2,6,'2026-03-23','2026-03',130218.02,'UPI'),
(97,2,7,'2026-03-14','2026-03',106970.38,'CHEQUE'),
(98,2,8,'2026-03-14','2026-03',124631.00,'BANK_TRANSFER'),
(99,2,9,'2026-03-14','2026-03',112235.00,'CARD'),
(100,2,10,'2026-03-19','2026-03',138003.48,'BANK_TRANSFER'),
(101,2,6,'2026-04-25','2026-04',135463.38,'CARD'),
(102,2,7,'2026-04-12','2026-04',121522.56,'CHEQUE'),
(103,2,8,'2026-04-27','2026-04',131672.79,'CARD'),
(104,2,9,'2026-04-24','2026-04',123770.73,'UPI'),
(105,2,10,'2026-04-09','2026-04',121935.54,'CARD'),
(106,2,6,'2026-05-13','2026-05',121157.12,'CHEQUE'),
(107,2,7,'2026-05-26','2026-05',127845.88,'CARD'),
(108,2,8,'2026-05-27','2026-05',129864.85,'CARD'),
(109,2,9,'2026-05-20','2026-05',136996.36,'BANK_TRANSFER'),
(110,2,10,'2026-05-19','2026-05',136535.94,'BANK_TRANSFER'),
(111,2,6,'2026-06-14','2026-06',76245.24,'UPI'),
(112,2,7,'2026-06-06','2026-06',96707.00,'BANK_TRANSFER'),
(113,2,8,'2026-06-11','2026-06',80850.58,'UPI'),
(114,2,9,'2026-06-11','2026-06',85935.11,'CARD'),
(115,2,10,'2026-06-27','2026-06',81323.65,'CARD'),
(116,2,6,'2026-07-03','2026-07',111377.99,'CARD'),
(117,2,7,'2026-07-18','2026-07',102971.66,'BANK_TRANSFER'),
(118,2,8,'2026-07-12','2026-07',138364.67,'UPI'),
(119,2,9,'2026-07-25','2026-07',125739.60,'BANK_TRANSFER'),
(120,2,10,'2026-07-08','2026-07',129496.80,'UPI'),
(121,3,11,'2025-08-20','2025-08',158654.69,'UPI'),
(122,3,12,'2025-08-16','2025-08',132705.14,'BANK_TRANSFER'),
(123,3,13,'2025-08-07','2025-08',146763.49,'CARD'),
(124,3,14,'2025-08-25','2025-08',152616.89,'CHEQUE'),
(125,3,15,'2025-08-20','2025-08',129648.49,'BANK_TRANSFER'),
(126,3,11,'2025-09-06','2025-09',156694.08,'CHEQUE'),
(127,3,12,'2025-09-01','2025-09',127634.73,'CHEQUE'),
(128,3,13,'2025-09-13','2025-09',147929.10,'CARD'),
(129,3,14,'2025-09-07','2025-09',163796.44,'BANK_TRANSFER'),
(130,3,15,'2025-09-27','2025-09',148636.44,'UPI'),
(131,3,11,'2025-10-25','2025-10',127931.99,'CHEQUE'),
(132,3,12,'2025-10-20','2025-10',160550.60,'BANK_TRANSFER'),
(133,3,13,'2025-10-19','2025-10',158194.14,'BANK_TRANSFER'),
(134,3,14,'2025-10-14','2025-10',138623.48,'CHEQUE'),
(135,3,15,'2025-10-21','2025-10',126496.11,'CHEQUE'),
(136,3,11,'2025-11-14','2025-11',124593.48,'CARD'),
(137,3,12,'2025-11-12','2025-11',128659.94,'CARD'),
(138,3,13,'2025-11-14','2025-11',155004.63,'UPI'),
(139,3,14,'2025-11-21','2025-11',156164.18,'CHEQUE'),
(140,3,15,'2025-11-18','2025-11',151003.42,'CARD'),
(141,3,11,'2025-12-27','2025-12',145033.01,'CHEQUE'),
(142,3,12,'2025-12-08','2025-12',138763.78,'BANK_TRANSFER'),
(143,3,13,'2025-12-15','2025-12',136856.38,'UPI'),
(144,3,14,'2025-12-19','2025-12',157591.89,'CARD'),
(145,3,15,'2025-12-16','2025-12',139383.45,'CHEQUE'),
(146,3,11,'2026-01-07','2026-01',133176.47,'CHEQUE'),
(147,3,12,'2026-01-11','2026-01',160384.10,'CHEQUE'),
(148,3,13,'2026-01-23','2026-01',164027.48,'CHEQUE'),
(149,3,14,'2026-01-17','2026-01',149693.43,'UPI'),
(150,3,15,'2026-01-24','2026-01',128926.25,'CARD'),
(151,3,11,'2026-02-25','2026-02',147376.95,'UPI'),
(152,3,12,'2026-02-21','2026-02',156340.10,'CARD'),
(153,3,13,'2026-02-01','2026-02',145584.45,'BANK_TRANSFER'),
(154,3,14,'2026-02-13','2026-02',138754.93,'UPI'),
(155,3,15,'2026-02-19','2026-02',139286.00,'CHEQUE'),
(156,3,11,'2026-03-17','2026-03',147349.51,'CHEQUE'),
(157,3,12,'2026-03-24','2026-03',145221.36,'CHEQUE'),
(158,3,13,'2026-03-15','2026-03',141937.42,'CHEQUE'),
(159,3,14,'2026-03-08','2026-03',139923.76,'BANK_TRANSFER'),
(160,3,15,'2026-03-11','2026-03',158402.03,'BANK_TRANSFER'),
(161,3,11,'2026-04-25','2026-04',160072.86,'UPI'),
(162,3,12,'2026-04-24','2026-04',135394.64,'CARD'),
(163,3,13,'2026-04-19','2026-04',139197.43,'CHEQUE'),
(164,3,14,'2026-04-27','2026-04',170709.25,'UPI'),
(165,3,15,'2026-04-12','2026-04',140081.30,'UPI'),
(166,3,11,'2026-05-23','2026-05',140974.72,'UPI'),
(167,3,12,'2026-05-02','2026-05',139717.82,'CHEQUE'),
(168,3,13,'2026-05-05','2026-05',158740.41,'CARD'),
(169,3,14,'2026-05-01','2026-05',131997.23,'CHEQUE'),
(170,3,15,'2026-05-15','2026-05',148488.75,'CHEQUE'),
(171,3,11,'2026-06-02','2026-06',136276.94,'CHEQUE'),
(172,3,12,'2026-06-16','2026-06',170448.94,'BANK_TRANSFER'),
(173,3,13,'2026-06-13','2026-06',165077.34,'CARD'),
(174,3,14,'2026-06-21','2026-06',131296.71,'BANK_TRANSFER'),
(175,3,15,'2026-06-26','2026-06',134803.09,'CHEQUE'),
(176,3,11,'2026-07-08','2026-07',132383.81,'BANK_TRANSFER'),
(177,3,12,'2026-07-14','2026-07',153834.19,'UPI'),
(178,3,13,'2026-07-13','2026-07',163705.46,'CARD'),
(179,3,14,'2026-07-10','2026-07',169729.76,'CARD'),
(180,3,15,'2026-07-20','2026-07',142372.05,'BANK_TRANSFER'),
(181,4,16,'2025-08-24','2025-08',165262.28,'BANK_TRANSFER'),
(182,4,17,'2025-08-07','2025-08',181484.33,'UPI'),
(183,4,18,'2025-08-03','2025-08',148703.01,'UPI'),
(184,4,19,'2025-08-18','2025-08',147513.53,'BANK_TRANSFER'),
(185,4,20,'2025-08-14','2025-08',143513.57,'CARD'),
(186,4,16,'2025-09-16','2025-09',169394.49,'CHEQUE'),
(187,4,17,'2025-09-10','2025-09',137814.59,'CHEQUE'),
(188,4,18,'2025-09-15','2025-09',170049.26,'BANK_TRANSFER'),
(189,4,19,'2025-09-09','2025-09',169298.98,'UPI'),
(190,4,20,'2025-09-18','2025-09',156688.49,'UPI'),
(191,4,16,'2025-10-09','2025-10',167689.14,'UPI'),
(192,4,17,'2025-10-06','2025-10',139930.58,'CHEQUE'),
(193,4,18,'2025-10-27','2025-10',165155.68,'CHEQUE'),
(194,4,19,'2025-10-15','2025-10',157645.95,'CHEQUE'),
(195,4,20,'2025-10-09','2025-10',170198.91,'CARD'),
(196,4,16,'2025-11-20','2025-11',157862.70,'BANK_TRANSFER'),
(197,4,17,'2025-11-24','2025-11',179659.98,'CHEQUE'),
(198,4,18,'2025-11-01','2025-11',165871.67,'BANK_TRANSFER'),
(199,4,19,'2025-11-22','2025-11',147784.36,'BANK_TRANSFER'),
(200,4,20,'2025-11-22','2025-11',184975.78,'CHEQUE'),
(201,4,16,'2025-12-25','2025-12',164842.62,'UPI'),
(202,4,17,'2025-12-21','2025-12',159730.12,'CARD'),
(203,4,18,'2025-12-06','2025-12',181272.14,'CARD'),
(204,4,19,'2025-12-16','2025-12',167672.73,'BANK_TRANSFER'),
(205,4,20,'2025-12-14','2025-12',159706.41,'CHEQUE'),
(206,4,16,'2026-01-04','2026-01',152779.83,'UPI'),
(207,4,17,'2026-01-23','2026-01',153203.40,'CARD'),
(208,4,18,'2026-01-13','2026-01',151189.23,'BANK_TRANSFER'),
(209,4,19,'2026-01-11','2026-01',159258.73,'CHEQUE'),
(210,4,20,'2026-01-25','2026-01',152887.13,'CARD'),
(211,4,16,'2026-02-27','2026-02',179443.52,'BANK_TRANSFER'),
(212,4,17,'2026-02-18','2026-02',169387.48,'CARD'),
(213,4,18,'2026-02-07','2026-02',157528.26,'CHEQUE'),
(214,4,19,'2026-02-16','2026-02',167687.95,'CARD'),
(215,4,20,'2026-02-07','2026-02',174352.67,'CHEQUE'),
(216,4,16,'2026-03-10','2026-03',164421.53,'CARD'),
(217,4,17,'2026-03-16','2026-03',180541.49,'BANK_TRANSFER'),
(218,4,18,'2026-03-21','2026-03',139127.98,'UPI'),
(219,4,19,'2026-03-10','2026-03',172226.30,'BANK_TRANSFER'),
(220,4,20,'2026-03-03','2026-03',164568.90,'UPI'),
(221,4,16,'2026-04-04','2026-04',186292.08,'CARD'),
(222,4,17,'2026-04-21','2026-04',184091.18,'UPI'),
(223,4,18,'2026-04-23','2026-04',162241.87,'CHEQUE'),
(224,4,19,'2026-04-09','2026-04',162753.01,'CARD'),
(225,4,20,'2026-04-16','2026-04',178620.79,'UPI'),
(226,4,16,'2026-05-05','2026-05',160505.33,'CARD'),
(227,4,17,'2026-05-20','2026-05',147520.18,'UPI'),
(228,4,18,'2026-05-09','2026-05',180372.16,'CARD'),
(229,4,19,'2026-05-26','2026-05',154801.93,'CHEQUE'),
(230,4,20,'2026-05-10','2026-05',178251.16,'CHEQUE'),
(231,4,16,'2026-06-19','2026-06',179399.57,'CARD'),
(232,4,17,'2026-06-15','2026-06',180757.46,'CARD'),
(233,4,18,'2026-06-18','2026-06',155337.37,'CARD'),
(234,4,19,'2026-06-11','2026-06',160724.07,'UPI'),
(235,4,20,'2026-06-08','2026-06',186402.85,'CARD'),
(236,4,16,'2026-07-25','2026-07',150155.22,'CARD'),
(237,4,17,'2026-07-24','2026-07',140856.97,'CARD'),
(238,4,18,'2026-07-26','2026-07',173247.96,'CARD'),
(239,4,19,'2026-07-22','2026-07',157622.42,'UPI'),
(240,4,20,'2026-07-02','2026-07',162971.29,'UPI'),
(241,5,21,'2025-08-19','2025-08',176120.97,'CHEQUE'),
(242,5,22,'2025-08-15','2025-08',195520.18,'BANK_TRANSFER'),
(243,5,23,'2025-08-15','2025-08',177370.22,'BANK_TRANSFER'),
(244,5,24,'2025-08-14','2025-08',187745.03,'UPI'),
(245,5,25,'2025-08-26','2025-08',153550.93,'CHEQUE'),
(246,5,21,'2025-09-23','2025-09',168651.88,'CARD'),
(247,5,22,'2025-09-11','2025-09',185202.62,'CARD'),
(248,5,23,'2025-09-21','2025-09',201382.62,'CARD'),
(249,5,24,'2025-09-02','2025-09',197035.56,'BANK_TRANSFER'),
(250,5,25,'2025-09-22','2025-09',163133.24,'CHEQUE'),
(251,5,21,'2025-10-24','2025-10',205114.25,'BANK_TRANSFER'),
(252,5,22,'2025-10-04','2025-10',174944.63,'BANK_TRANSFER'),
(253,5,23,'2025-10-23','2025-10',175464.39,'CHEQUE'),
(254,5,24,'2025-10-02','2025-10',200081.01,'CHEQUE'),
(255,5,25,'2025-10-10','2025-10',194336.78,'CHEQUE'),
(256,5,21,'2025-11-05','2025-11',172984.61,'UPI'),
(257,5,22,'2025-11-19','2025-11',181413.66,'UPI'),
(258,5,23,'2025-11-03','2025-11',161938.71,'CARD'),
(259,5,24,'2025-11-08','2025-11',186187.95,'CARD'),
(260,5,25,'2025-11-05','2025-11',201992.89,'UPI'),
(261,5,21,'2025-12-09','2025-12',178885.57,'CARD'),
(262,5,22,'2025-12-01','2025-12',167709.68,'CARD'),
(263,5,23,'2025-12-22','2025-12',202780.16,'UPI'),
(264,5,24,'2025-12-12','2025-12',157856.41,'CHEQUE'),
(265,5,25,'2025-12-14','2025-12',188539.24,'CHEQUE'),
(266,5,21,'2026-01-10','2026-01',179905.63,'UPI'),
(267,5,22,'2026-01-16','2026-01',209571.46,'BANK_TRANSFER'),
(268,5,23,'2026-01-19','2026-01',167896.31,'CHEQUE'),
(269,5,24,'2026-01-23','2026-01',186356.54,'CHEQUE'),
(270,5,25,'2026-01-27','2026-01',156125.62,'CARD'),
(271,5,21,'2026-02-19','2026-02',171127.59,'BANK_TRANSFER'),
(272,5,22,'2026-02-24','2026-02',206155.60,'CARD'),
(273,5,23,'2026-02-10','2026-02',201872.86,'UPI'),
(274,5,24,'2026-02-12','2026-02',189440.92,'UPI'),
(275,5,25,'2026-02-20','2026-02',191068.21,'CHEQUE'),
(276,5,21,'2026-03-24','2026-03',194691.28,'UPI'),
(277,5,22,'2026-03-21','2026-03',191945.59,'BANK_TRANSFER'),
(278,5,23,'2026-03-15','2026-03',174239.48,'BANK_TRANSFER'),
(279,5,24,'2026-03-24','2026-03',189246.59,'UPI'),
(280,5,25,'2026-03-10','2026-03',162106.99,'CHEQUE'),
(281,5,21,'2026-04-06','2026-04',199951.14,'UPI'),
(282,5,22,'2026-04-18','2026-04',165591.88,'CHEQUE'),
(283,5,23,'2026-04-09','2026-04',187854.70,'UPI'),
(284,5,24,'2026-04-27','2026-04',172561.23,'CARD'),
(285,5,25,'2026-04-10','2026-04',212230.45,'CHEQUE'),
(286,5,21,'2026-05-15','2026-05',204546.24,'BANK_TRANSFER'),
(287,5,22,'2026-05-08','2026-05',167237.93,'CARD'),
(288,5,23,'2026-05-26','2026-05',213714.09,'CHEQUE'),
(289,5,24,'2026-05-13','2026-05',164400.81,'BANK_TRANSFER'),
(290,5,25,'2026-05-04','2026-05',174193.87,'CARD'),
(291,5,21,'2026-06-24','2026-06',181313.23,'CHEQUE'),
(292,5,22,'2026-06-27','2026-06',193543.09,'CHEQUE'),
(293,5,23,'2026-06-08','2026-06',166576.79,'CARD'),
(294,5,24,'2026-06-18','2026-06',161858.60,'CHEQUE'),
(295,5,25,'2026-06-08','2026-06',212269.21,'BANK_TRANSFER'),
(296,5,21,'2026-07-15','2026-07',197801.27,'CHEQUE'),
(297,5,22,'2026-07-04','2026-07',198590.23,'UPI'),
(298,5,23,'2026-07-02','2026-07',164153.86,'CHEQUE'),
(299,5,24,'2026-07-04','2026-07',218359.76,'BANK_TRANSFER'),
(300,5,25,'2026-07-18','2026-07',174957.24,'UPI'),
(301,6,26,'2025-08-12','2025-08',185586.00,'CARD'),
(302,6,27,'2025-08-24','2025-08',197030.80,'UPI'),
(303,6,28,'2025-08-21','2025-08',214199.83,'BANK_TRANSFER'),
(304,6,29,'2025-08-20','2025-08',211220.72,'CARD'),
(305,6,30,'2025-08-09','2025-08',217289.46,'BANK_TRANSFER'),
(306,6,26,'2025-09-07','2025-09',204726.37,'CARD'),
(307,6,27,'2025-09-08','2025-09',190457.58,'CHEQUE'),
(308,6,28,'2025-09-22','2025-09',170392.83,'CHEQUE'),
(309,6,29,'2025-09-21','2025-09',196254.35,'CHEQUE'),
(310,6,30,'2025-09-09','2025-09',168138.24,'UPI'),
(311,6,26,'2025-10-27','2025-10',222796.32,'CARD'),
(312,6,27,'2025-10-07','2025-10',171425.45,'BANK_TRANSFER'),
(313,6,28,'2025-10-11','2025-10',169017.01,'UPI'),
(314,6,29,'2025-10-26','2025-10',224004.44,'UPI'),
(315,6,30,'2025-10-25','2025-10',170073.78,'UPI'),
(316,6,26,'2025-11-27','2025-11',202162.91,'UPI'),
(317,6,27,'2025-11-05','2025-11',186921.20,'BANK_TRANSFER'),
(318,6,28,'2025-11-05','2025-11',183889.40,'UPI'),
(319,6,29,'2025-11-26','2025-11',199433.63,'UPI'),
(320,6,30,'2025-11-01','2025-11',173996.29,'UPI'),
(321,6,26,'2025-12-26','2025-12',169841.53,'UPI'),
(322,6,27,'2025-12-01','2025-12',204069.46,'UPI'),
(323,6,28,'2025-12-05','2025-12',184779.60,'CARD'),
(324,6,29,'2025-12-24','2025-12',200326.56,'BANK_TRANSFER'),
(325,6,30,'2025-12-25','2025-12',197354.56,'CHEQUE'),
(326,6,26,'2026-01-04','2026-01',201297.06,'CARD'),
(327,6,27,'2026-01-20','2026-01',200731.69,'BANK_TRANSFER'),
(328,6,28,'2026-01-22','2026-01',214169.51,'CHEQUE'),
(329,6,29,'2026-01-01','2026-01',197977.04,'BANK_TRANSFER'),
(330,6,30,'2026-01-13','2026-01',230490.90,'CARD'),
(331,6,26,'2026-02-16','2026-02',213536.81,'CARD'),
(332,6,27,'2026-02-03','2026-02',176367.70,'CHEQUE'),
(333,6,28,'2026-02-03','2026-02',208816.39,'UPI'),
(334,6,29,'2026-02-21','2026-02',188594.98,'CHEQUE'),
(335,6,30,'2026-02-20','2026-02',195019.62,'CHEQUE'),
(336,6,26,'2026-03-20','2026-03',201172.88,'CARD'),
(337,6,27,'2026-03-23','2026-03',179474.62,'BANK_TRANSFER'),
(338,6,28,'2026-03-21','2026-03',225597.08,'UPI'),
(339,6,29,'2026-03-08','2026-03',199725.74,'CARD'),
(340,6,30,'2026-03-15','2026-03',194147.92,'CARD'),
(341,6,26,'2026-04-04','2026-04',200594.55,'CHEQUE'),
(342,6,27,'2026-04-22','2026-04',201259.70,'CHEQUE'),
(343,6,28,'2026-04-05','2026-04',198020.94,'CARD'),
(344,6,29,'2026-04-27','2026-04',179058.16,'BANK_TRANSFER'),
(345,6,30,'2026-04-04','2026-04',180669.23,'CHEQUE'),
(346,6,26,'2026-05-18','2026-05',226985.95,'BANK_TRANSFER'),
(347,6,27,'2026-05-18','2026-05',212955.93,'CHEQUE'),
(348,6,28,'2026-05-14','2026-05',218158.60,'CHEQUE'),
(349,6,29,'2026-05-25','2026-05',230836.70,'CARD'),
(350,6,30,'2026-05-24','2026-05',230493.26,'BANK_TRANSFER'),
(351,6,26,'2026-06-20','2026-06',238799.65,'CHEQUE'),
(352,6,27,'2026-06-19','2026-06',200059.34,'UPI'),
(353,6,28,'2026-06-16','2026-06',187690.38,'UPI'),
(354,6,29,'2026-06-12','2026-06',231191.46,'CHEQUE'),
(355,6,30,'2026-06-09','2026-06',185187.59,'UPI'),
(356,6,26,'2026-07-18','2026-07',230665.55,'BANK_TRANSFER'),
(357,6,27,'2026-07-22','2026-07',218105.92,'CHEQUE'),
(358,6,28,'2026-07-09','2026-07',181354.47,'CHEQUE'),
(359,6,29,'2026-07-12','2026-07',237908.62,'BANK_TRANSFER'),
(360,6,30,'2026-07-05','2026-07',191013.86,'CARD'),
(361,7,31,'2025-08-24','2025-08',181142.13,'BANK_TRANSFER'),
(362,7,32,'2025-08-17','2025-08',182525.68,'UPI'),
(363,7,33,'2025-08-15','2025-08',200274.53,'CHEQUE'),
(364,7,34,'2025-08-10','2025-08',186622.34,'CHEQUE'),
(365,7,35,'2025-08-19','2025-08',225274.54,'BANK_TRANSFER'),
(366,7,31,'2025-09-05','2025-09',231495.00,'UPI'),
(367,7,32,'2025-09-02','2025-09',223466.00,'BANK_TRANSFER'),
(368,7,33,'2025-09-22','2025-09',193423.65,'CARD'),
(369,7,34,'2025-09-15','2025-09',206725.27,'CARD'),
(370,7,35,'2025-09-25','2025-09',193489.92,'BANK_TRANSFER'),
(371,7,31,'2025-10-04','2025-10',197611.58,'CHEQUE'),
(372,7,32,'2025-10-19','2025-10',218317.39,'CARD'),
(373,7,33,'2025-10-10','2025-10',208911.90,'BANK_TRANSFER'),
(374,7,34,'2025-10-20','2025-10',189861.66,'BANK_TRANSFER'),
(375,7,35,'2025-10-10','2025-10',176629.68,'UPI'),
(376,7,31,'2025-11-25','2025-11',223448.05,'CHEQUE'),
(377,7,32,'2025-11-04','2025-11',193790.80,'BANK_TRANSFER'),
(378,7,33,'2025-11-14','2025-11',206694.85,'UPI'),
(379,7,34,'2025-11-18','2025-11',183845.44,'UPI'),
(380,7,35,'2025-11-27','2025-11',206873.39,'CHEQUE'),
(381,7,31,'2025-12-24','2025-12',179970.50,'BANK_TRANSFER'),
(382,7,32,'2025-12-15','2025-12',202526.77,'BANK_TRANSFER'),
(383,7,33,'2025-12-19','2025-12',228907.82,'CARD'),
(384,7,34,'2025-12-23','2025-12',211024.16,'CARD'),
(385,7,35,'2025-12-13','2025-12',193439.43,'BANK_TRANSFER'),
(386,7,31,'2026-01-06','2026-01',234923.61,'CARD'),
(387,7,32,'2026-01-12','2026-01',226627.70,'BANK_TRANSFER'),
(388,7,33,'2026-01-04','2026-01',202185.58,'UPI'),
(389,7,34,'2026-01-13','2026-01',202121.57,'BANK_TRANSFER'),
(390,7,35,'2026-01-10','2026-01',199653.97,'CHEQUE'),
(391,7,31,'2026-02-25','2026-02',188536.99,'UPI'),
(392,7,32,'2026-02-21','2026-02',179576.26,'BANK_TRANSFER'),
(393,7,33,'2026-02-07','2026-02',207609.31,'CHEQUE'),
(394,7,34,'2026-02-27','2026-02',196530.94,'UPI'),
(395,7,35,'2026-02-05','2026-02',189444.02,'CHEQUE'),
(396,7,31,'2026-03-20','2026-03',186694.08,'UPI'),
(397,7,32,'2026-03-21','2026-03',221373.03,'BANK_TRANSFER'),
(398,7,33,'2026-03-25','2026-03',185454.28,'CARD'),
(399,7,34,'2026-03-19','2026-03',203122.42,'CARD'),
(400,7,35,'2026-03-19','2026-03',216501.36,'CHEQUE'),
(401,7,31,'2026-04-21','2026-04',227363.72,'CHEQUE'),
(402,7,32,'2026-04-03','2026-04',183503.64,'CARD'),
(403,7,33,'2026-04-10','2026-04',201412.60,'CHEQUE'),
(404,7,34,'2026-04-12','2026-04',210587.61,'BANK_TRANSFER'),
(405,7,35,'2026-04-15','2026-04',193308.23,'BANK_TRANSFER'),
(406,7,31,'2026-05-27','2026-05',177393.35,'CHEQUE'),
(407,7,32,'2026-05-03','2026-05',178611.13,'CARD'),
(408,7,33,'2026-05-18','2026-05',202301.48,'BANK_TRANSFER'),
(409,7,34,'2026-05-26','2026-05',201504.93,'UPI'),
(410,7,35,'2026-05-16','2026-05',193635.97,'UPI'),
(411,7,31,'2026-06-15','2026-06',232256.81,'BANK_TRANSFER'),
(412,7,32,'2026-06-27','2026-06',223265.92,'CHEQUE'),
(413,7,33,'2026-06-03','2026-06',233767.79,'UPI'),
(414,7,34,'2026-06-23','2026-06',175980.53,'CARD'),
(415,7,35,'2026-06-17','2026-06',234294.69,'UPI'),
(416,7,31,'2026-07-10','2026-07',195517.09,'CARD'),
(417,7,32,'2026-07-11','2026-07',198261.07,'BANK_TRANSFER'),
(418,7,33,'2026-07-21','2026-07',221526.81,'CHEQUE'),
(419,7,34,'2026-07-04','2026-07',177294.64,'CARD'),
(420,7,35,'2026-07-24','2026-07',190640.16,'UPI'),
(421,8,36,'2025-08-19','2025-08',212801.93,'UPI'),
(422,8,37,'2025-08-10','2025-08',252005.36,'CARD'),
(423,8,38,'2025-08-23','2025-08',199065.55,'BANK_TRANSFER'),
(424,8,39,'2025-08-13','2025-08',211203.90,'CHEQUE'),
(425,8,40,'2025-08-22','2025-08',245046.02,'BANK_TRANSFER'),
(426,8,36,'2025-09-14','2025-09',231584.05,'CHEQUE'),
(427,8,37,'2025-09-10','2025-09',189798.43,'UPI'),
(428,8,38,'2025-09-11','2025-09',251894.29,'CARD'),
(429,8,39,'2025-09-05','2025-09',201364.77,'UPI'),
(430,8,40,'2025-09-26','2025-09',193721.07,'BANK_TRANSFER'),
(431,8,36,'2025-10-18','2025-10',220256.74,'BANK_TRANSFER'),
(432,8,37,'2025-10-25','2025-10',230424.97,'UPI'),
(433,8,38,'2025-10-05','2025-10',226160.76,'UPI'),
(434,8,39,'2025-10-23','2025-10',198709.58,'UPI'),
(435,8,40,'2025-10-02','2025-10',234331.27,'CARD'),
(436,8,36,'2025-11-24','2025-11',208794.25,'UPI'),
(437,8,37,'2025-11-20','2025-11',248317.52,'CHEQUE'),
(438,8,38,'2025-11-26','2025-11',234135.29,'CARD'),
(439,8,39,'2025-11-08','2025-11',200286.35,'CHEQUE'),
(440,8,40,'2025-11-26','2025-11',248056.86,'CARD'),
(441,8,36,'2025-12-07','2025-12',241706.89,'CHEQUE'),
(442,8,37,'2025-12-19','2025-12',227112.06,'CARD'),
(443,8,38,'2025-12-10','2025-12',213101.92,'CARD'),
(444,8,39,'2025-12-14','2025-12',215768.22,'UPI'),
(445,8,40,'2025-12-26','2025-12',236074.88,'UPI'),
(446,8,36,'2026-01-02','2026-01',237418.80,'CARD'),
(447,8,37,'2026-01-18','2026-01',237490.23,'BANK_TRANSFER'),
(448,8,38,'2026-01-17','2026-01',227067.04,'BANK_TRANSFER'),
(449,8,39,'2026-01-25','2026-01',199756.87,'UPI'),
(450,8,40,'2026-01-17','2026-01',198970.77,'UPI'),
(451,8,36,'2026-02-03','2026-02',232493.68,'UPI'),
(452,8,37,'2026-02-12','2026-02',231583.63,'BANK_TRANSFER'),
(453,8,38,'2026-02-13','2026-02',206090.25,'CHEQUE'),
(454,8,39,'2026-02-03','2026-02',194725.71,'CHEQUE'),
(455,8,40,'2026-02-11','2026-02',194012.61,'BANK_TRANSFER'),
(456,8,36,'2026-03-21','2026-03',230788.31,'CHEQUE'),
(457,8,37,'2026-03-05','2026-03',227784.73,'BANK_TRANSFER'),
(458,8,38,'2026-03-27','2026-03',196080.80,'CARD'),
(459,8,39,'2026-03-05','2026-03',221795.33,'CARD'),
(460,8,40,'2026-03-01','2026-03',206243.76,'BANK_TRANSFER'),
(461,8,36,'2026-04-07','2026-04',177538.26,'UPI'),
(462,8,37,'2026-04-24','2026-04',210514.67,'CARD'),
(463,8,38,'2026-04-10','2026-04',183276.02,'UPI'),
(464,8,39,'2026-04-02','2026-04',195099.98,'UPI'),
(465,8,40,'2026-04-26','2026-04',202486.64,'CARD'),
(466,8,36,'2026-05-27','2026-05',178546.34,'CARD'),
(467,8,37,'2026-05-01','2026-05',211463.11,'UPI'),
(468,8,38,'2026-05-10','2026-05',218972.37,'CARD'),
(469,8,39,'2026-05-12','2026-05',174770.74,'UPI'),
(470,8,40,'2026-05-06','2026-05',209855.57,'BANK_TRANSFER'),
(471,8,36,'2026-06-12','2026-06',147581.47,'BANK_TRANSFER'),
(472,8,37,'2026-06-18','2026-06',166482.73,'BANK_TRANSFER'),
(473,8,38,'2026-06-16','2026-06',141732.81,'BANK_TRANSFER'),
(474,8,39,'2026-06-12','2026-06',152513.70,'CHEQUE'),
(475,8,40,'2026-06-12','2026-06',157422.18,'BANK_TRANSFER'),
(476,8,36,'2026-07-24','2026-07',192213.65,'BANK_TRANSFER'),
(477,8,37,'2026-07-24','2026-07',218020.40,'CHEQUE'),
(478,8,38,'2026-07-12','2026-07',179428.61,'CHEQUE'),
(479,8,39,'2026-07-06','2026-07',220561.02,'CARD'),
(480,8,40,'2026-07-16','2026-07',230679.94,'UPI');

-- REVENUE (12 months x branches)
INSERT INTO REVENUE (REVENUE_ID,BRANCH_ID,REVENUE_MONTH,REVENUE_AMOUNT,COST_AMOUNT,GROSS_MARGIN) VALUES
(1,1,'2025-08',866165.81,484589.52,381576.28),
(2,1,'2025-09',876286.57,542116.38,334170.19),
(3,1,'2025-10',847781.87,471850.75,375931.11),
(4,1,'2025-11',852376.50,474165.02,378211.48),
(5,1,'2025-12',930771.01,583879.67,346891.34),
(6,1,'2026-01',949931.07,599838.35,350092.72),
(7,1,'2026-02',896684.89,594496.37,302188.51),
(8,1,'2026-03',904473.01,545891.18,358581.83),
(9,1,'2026-04',974060.15,662234.02,311826.13),
(10,1,'2026-05',945649.90,537763.91,407885.99),
(11,1,'2026-06',963510.72,658485.36,305025.35),
(12,1,'2026-07',1015316.66,694675.22,320641.44),
(13,2,'2025-08',949117.90,660641.62,288476.28),
(14,2,'2025-09',954252.68,596053.43,358199.25),
(15,2,'2025-10',989538.57,621322.73,368215.83),
(16,2,'2025-11',972362.26,640847.21,331515.05),
(17,2,'2025-12',899117.41,575766.01,323351.40),
(18,2,'2026-01',963462.54,608736.02,354726.52),
(19,2,'2026-02',911546.36,512298.47,399247.88),
(20,2,'2026-03',937786.06,558896.47,378889.60),
(21,2,'2026-04',927175.49,569209.18,357966.31),
(22,2,'2026-05',929927.50,560497.11,369430.39),
(23,2,'2026-06',606171.66,412503.19,193668.46),
(24,2,'2026-07',889094.95,622119.82,266975.13),
(25,3,'2025-08',1055651.98,735793.75,319858.23),
(26,3,'2025-09',1133389.66,636121.94,497267.71),
(27,3,'2025-10',1104606.92,667731.20,436875.72),
(28,3,'2025-11',1127420.92,734978.77,392442.15),
(29,3,'2025-12',1149108.81,656620.22,492488.59),
(30,3,'2026-01',1116097.51,744656.68,371440.83),
(31,3,'2026-02',1057530.97,592307.24,465223.73),
(32,3,'2026-03',1145086.37,692719.16,452367.20),
(33,3,'2026-04',1105901.77,702343.50,403558.27),
(34,3,'2026-05',1135797.34,740380.07,395417.27),
(35,3,'2026-06',1179652.65,714635.94,465016.71),
(36,3,'2026-07',1163833.78,740301.01,423532.77),
(37,4,'2025-08',1203535.19,733801.55,469733.64),
(38,4,'2025-09',1220141.86,716762.27,503379.59),
(39,4,'2025-10',1157774.88,764538.07,393236.82),
(40,4,'2025-11',1206383.05,733538.93,472844.12),
(41,4,'2025-12',1216126.54,716622.63,499503.91),
(42,4,'2026-01',1181824.87,729116.18,452708.69),
(43,4,'2026-02',1273242.65,754824.76,518417.89),
(44,4,'2026-03',1265828.94,789472.23,476356.71),
(45,4,'2026-04',1171466.94,794165.49,377301.45),
(46,4,'2026-05',1213752.06,831179.66,382572.40),
(47,4,'2026-06',1215092.18,684301.78,530790.41),
(48,4,'2026-07',1246268.14,843509.40,402758.74),
(49,5,'2025-08',1296185.59,780451.22,515734.36),
(50,5,'2025-09',1271436.46,802690.52,468745.94),
(51,5,'2025-10',1390984.16,942675.96,448308.20),
(52,5,'2025-11',1376550.63,948579.20,427971.42),
(53,5,'2025-12',1376155.34,920722.87,455432.48),
(54,5,'2026-01',1368190.71,777411.94,590778.77),
(55,5,'2026-02',1335428.67,762304.79,573123.88),
(56,5,'2026-03',1426509.65,790204.47,636305.18),
(57,5,'2026-04',1403530.72,849608.62,553922.10),
(58,5,'2026-05',1448479.10,916520.86,531958.24),
(59,5,'2026-06',1431508.75,805842.54,625666.20),
(60,5,'2026-07',1398412.48,978803.79,419608.69),
(61,6,'2025-08',1471517.23,925370.01,546147.22),
(62,6,'2025-09',1491628.17,1004612.93,487015.24),
(63,6,'2025-10',1402718.58,976091.49,426627.09),
(64,6,'2025-11',1498958.16,925600.93,573357.23),
(65,6,'2025-12',1517633.15,913125.29,604507.86),
(66,6,'2026-01',1560591.90,1040976.34,519615.55),
(67,6,'2026-02',1538046.44,887905.71,650140.74),
(68,6,'2026-03',1601382.22,984678.31,616703.91),
(69,6,'2026-04',1606744.07,897064.38,709679.69),
(70,6,'2026-05',1498277.02,858441.30,639835.73),
(71,6,'2026-06',1517674.56,908175.11,609499.45),
(72,6,'2026-07',1617158.21,973373.13,643785.08),
(73,7,'2025-08',1628781.03,1114475.32,514305.71),
(74,7,'2025-09',1611004.15,946611.21,664392.94),
(75,7,'2025-10',1575271.95,996558.32,578713.62),
(76,7,'2025-11',1493276.16,889132.00,604144.16),
(77,7,'2025-12',1553765.89,971703.39,582062.50),
(78,7,'2026-01',1494519.74,1033073.39,461446.35),
(79,7,'2026-02',1489549.21,966434.32,523114.89),
(80,7,'2026-03',1574051.64,1008606.39,565445.25),
(81,7,'2026-04',1589901.99,1008860.71,581041.28),
(82,7,'2026-05',1584331.04,878125.02,706206.02),
(83,7,'2026-06',1461992.85,944766.18,517226.67),
(84,7,'2026-07',1540536.79,997758.68,542778.10),
(85,8,'2025-08',1724849.11,1056449.41,668399.70),
(86,8,'2025-09',1687113.33,1053949.33,633164.00),
(87,8,'2025-10',1669081.65,990517.75,678563.89),
(88,8,'2025-11',1706956.86,1062481.17,644475.69),
(89,8,'2025-12',1666115.28,1087554.46,578560.82),
(90,8,'2026-01',1568999.35,880123.84,688875.51),
(91,8,'2026-02',1516367.93,933992.92,582375.02),
(92,8,'2026-03',1568578.92,910722.34,657856.59),
(93,8,'2026-04',1572674.24,938709.40,633964.84),
(94,8,'2026-05',1574898.82,1039637.90,535260.92),
(95,8,'2026-06',1107138.48,770907.30,336231.18),
(96,8,'2026-07',1456171.84,881830.04,574341.80);

-- SALES
INSERT INTO SALES (SALE_ID,BRANCH_ID,PRODUCT_ID,EMPLOYEE_ID,CUSTOMER_ID,SALE_DATE,QUANTITY,UNIT_PRICE,SALE_AMOUNT) VALUES
(1,1,5,3,2,'2026-03-04',1,50000.00,50000.00),
(2,1,3,2,2,'2025-09-02',4,9000.00,36000.00),
(3,1,3,4,2,'2025-10-27',4,9000.00,36000.00),
(4,1,3,3,2,'2025-10-16',5,9000.00,45000.00),
(5,1,5,4,3,'2026-03-01',4,50000.00,200000.00),
(6,1,1,4,2,'2025-11-19',4,12000.00,48000.00),
(7,1,3,1,3,'2026-03-20',1,9000.00,9000.00),
(8,1,6,3,5,'2025-08-04',4,30000.00,120000.00),
(9,1,4,3,3,'2026-02-12',2,25000.00,50000.00),
(10,1,1,1,5,'2026-04-07',4,12000.00,48000.00),
(11,1,3,3,1,'2026-02-17',5,9000.00,45000.00),
(12,1,4,3,5,'2026-06-20',5,25000.00,125000.00),
(13,2,1,5,9,'2026-01-26',2,12000.00,24000.00),
(14,2,3,7,7,'2025-11-20',5,9000.00,45000.00),
(15,2,5,5,6,'2025-08-05',4,50000.00,200000.00),
(16,2,6,8,10,'2026-03-05',3,30000.00,90000.00),
(17,2,5,6,8,'2026-05-11',5,50000.00,250000.00),
(18,2,2,7,10,'2026-01-17',4,18000.00,72000.00),
(19,2,5,8,10,'2025-12-16',5,50000.00,250000.00),
(20,2,1,7,6,'2026-02-19',3,12000.00,36000.00),
(21,2,3,8,8,'2026-06-26',1,9000.00,9000.00),
(22,2,5,6,6,'2026-05-16',5,50000.00,250000.00),
(23,2,2,8,7,'2026-06-08',5,18000.00,90000.00),
(24,2,1,5,7,'2025-08-15',5,12000.00,60000.00),
(25,3,3,10,14,'2026-07-07',4,9000.00,36000.00),
(26,3,4,12,11,'2026-07-05',5,25000.00,125000.00),
(27,3,5,11,14,'2026-04-13',2,50000.00,100000.00),
(28,3,3,12,15,'2026-01-18',2,9000.00,18000.00),
(29,3,3,12,12,'2025-11-09',3,9000.00,27000.00),
(30,3,5,10,13,'2025-12-23',3,50000.00,150000.00),
(31,3,2,11,14,'2026-01-18',4,18000.00,72000.00),
(32,3,6,11,11,'2026-05-22',3,30000.00,90000.00),
(33,3,5,12,13,'2025-10-10',4,50000.00,200000.00),
(34,3,1,9,13,'2026-03-21',3,12000.00,36000.00),
(35,3,3,10,12,'2026-04-09',4,9000.00,36000.00),
(36,3,5,10,11,'2026-05-24',3,50000.00,150000.00),
(37,4,5,14,16,'2026-06-17',2,50000.00,100000.00),
(38,4,2,13,16,'2026-02-11',2,18000.00,36000.00),
(39,4,6,13,17,'2025-08-18',4,30000.00,120000.00),
(40,4,2,16,19,'2026-06-07',4,18000.00,72000.00),
(41,4,3,15,16,'2025-09-21',3,9000.00,27000.00),
(42,4,5,13,17,'2026-02-27',2,50000.00,100000.00),
(43,4,2,16,19,'2025-10-24',1,18000.00,18000.00),
(44,4,3,13,18,'2026-05-20',1,9000.00,9000.00),
(45,4,1,15,19,'2026-06-18',3,12000.00,36000.00),
(46,4,5,14,20,'2026-03-09',4,50000.00,200000.00),
(47,4,2,15,17,'2026-07-15',1,18000.00,18000.00),
(48,4,6,14,16,'2026-07-11',3,30000.00,90000.00),
(49,5,3,18,22,'2026-05-21',5,9000.00,45000.00),
(50,5,4,19,21,'2026-02-22',4,25000.00,100000.00),
(51,5,1,18,24,'2026-01-08',2,12000.00,24000.00),
(52,5,1,20,22,'2026-03-25',3,12000.00,36000.00),
(53,5,3,19,25,'2026-07-19',3,9000.00,27000.00),
(54,5,1,19,22,'2025-08-22',3,12000.00,36000.00),
(55,5,1,19,22,'2026-02-22',4,12000.00,48000.00),
(56,5,5,17,23,'2026-01-20',3,50000.00,150000.00),
(57,5,2,18,24,'2025-10-15',2,18000.00,36000.00),
(58,5,6,19,24,'2026-07-18',5,30000.00,150000.00),
(59,5,4,18,22,'2026-06-25',5,25000.00,125000.00),
(60,5,5,20,25,'2026-07-12',1,50000.00,50000.00),
(61,6,1,21,26,'2026-04-17',5,12000.00,60000.00),
(62,6,2,22,27,'2026-01-17',5,18000.00,90000.00),
(63,6,4,22,30,'2026-03-03',1,25000.00,25000.00),
(64,6,5,21,29,'2025-10-17',4,50000.00,200000.00),
(65,6,4,21,30,'2026-03-22',4,25000.00,100000.00),
(66,6,3,24,28,'2025-08-24',1,9000.00,9000.00),
(67,6,2,21,26,'2026-02-12',5,18000.00,90000.00),
(68,6,6,21,26,'2026-03-02',1,30000.00,30000.00),
(69,6,3,22,27,'2026-06-24',4,9000.00,36000.00),
(70,6,6,23,29,'2026-03-13',4,30000.00,120000.00),
(71,6,4,22,28,'2025-09-06',1,25000.00,25000.00),
(72,6,5,22,27,'2025-08-25',4,50000.00,200000.00),
(73,7,1,28,35,'2026-02-18',3,12000.00,36000.00),
(74,7,4,26,34,'2026-01-05',2,25000.00,50000.00),
(75,7,3,25,31,'2026-06-14',2,9000.00,18000.00),
(76,7,5,26,32,'2025-09-04',1,50000.00,50000.00),
(77,7,5,28,35,'2026-06-23',1,50000.00,50000.00),
(78,7,1,25,34,'2026-03-08',2,12000.00,24000.00),
(79,7,5,25,32,'2026-04-10',2,50000.00,100000.00),
(80,7,2,27,35,'2026-05-25',5,18000.00,90000.00),
(81,7,6,26,33,'2025-10-22',3,30000.00,90000.00),
(82,7,5,28,33,'2025-12-02',2,50000.00,100000.00),
(83,7,5,26,34,'2026-04-16',5,50000.00,250000.00),
(84,7,1,28,35,'2026-01-23',3,12000.00,36000.00),
(85,8,4,30,38,'2026-02-06',4,25000.00,100000.00),
(86,8,5,30,37,'2025-12-23',4,50000.00,200000.00),
(87,8,2,29,40,'2026-02-14',4,18000.00,72000.00),
(88,8,5,30,39,'2025-11-09',5,50000.00,250000.00),
(89,8,2,29,39,'2026-01-03',3,18000.00,54000.00),
(90,8,5,29,38,'2026-02-22',2,50000.00,100000.00),
(91,8,5,29,36,'2025-11-26',5,50000.00,250000.00),
(92,8,5,30,39,'2025-11-11',5,50000.00,250000.00),
(93,8,3,30,37,'2026-07-04',1,9000.00,9000.00),
(94,8,6,30,40,'2026-07-07',4,30000.00,120000.00),
(95,8,4,31,38,'2026-02-15',2,25000.00,50000.00),
(96,8,5,31,38,'2026-01-17',3,50000.00,150000.00);

-- CLAIMS
INSERT INTO CLAIMS (CLAIM_ID,CUSTOMER_ID,BRANCH_ID,CLAIM_DATE,CLAIM_AMOUNT,CLAIM_STATUS,SETTLED_AMOUNT) VALUES
(1,4,1,'2026-03-04',65211.25,'PAID',65211.25),
(2,3,1,'2025-11-12',28469.15,'SUBMITTED',0.00),
(3,5,1,'2025-11-24',15944.20,'DENIED',0.00),
(4,5,1,'2026-05-19',59000.90,'DENIED',0.00),
(5,2,1,'2025-11-11',22251.40,'APPROVED',14455.64),
(6,3,1,'2025-12-25',66619.40,'PAID',66619.40),
(7,9,2,'2025-10-24',64623.16,'APPROVED',30371.55),
(8,10,2,'2026-03-06',73767.45,'SUBMITTED',0.00),
(9,10,2,'2025-08-27',68502.30,'SUBMITTED',0.00),
(10,6,2,'2026-02-05',68190.85,'APPROVED',29593.74),
(11,7,2,'2025-08-07',42929.97,'DENIED',0.00),
(12,6,2,'2026-05-21',55006.60,'PAID',55006.60),
(13,14,3,'2025-08-01',44915.94,'PAID',44915.94),
(14,11,3,'2025-08-17',59164.45,'DENIED',0.00),
(15,11,3,'2026-04-27',57339.43,'PAID',57339.43),
(16,12,3,'2025-09-04',44328.91,'APPROVED',21985.63),
(17,15,3,'2025-12-27',31583.08,'PAID',31583.08),
(18,11,3,'2026-01-13',39424.83,'APPROVED',35289.82),
(19,17,4,'2025-12-22',67104.66,'SUBMITTED',0.00),
(20,16,4,'2025-09-13',33444.80,'PAID',33444.80),
(21,16,4,'2026-06-01',57713.39,'SUBMITTED',0.00),
(22,19,4,'2026-02-21',63828.22,'SUBMITTED',0.00),
(23,20,4,'2025-08-08',20856.28,'PAID',20856.28),
(24,18,4,'2025-08-03',56332.16,'DENIED',0.00),
(25,25,5,'2026-05-22',7467.63,'DENIED',0.00),
(26,21,5,'2025-11-19',15814.37,'PAID',15814.37),
(27,21,5,'2025-12-06',47296.86,'PAID',47296.86),
(28,25,5,'2026-01-13',61670.69,'APPROVED',49043.56),
(29,21,5,'2026-04-24',78074.25,'SUBMITTED',0.00),
(30,21,5,'2026-02-08',67900.60,'DENIED',0.00),
(31,30,6,'2026-05-20',34752.73,'DENIED',0.00),
(32,26,6,'2026-06-09',63766.11,'PAID',63766.11),
(33,29,6,'2025-11-12',46477.83,'PAID',46477.83),
(34,29,6,'2025-10-22',48940.63,'PAID',48940.63),
(35,26,6,'2026-05-10',64854.14,'SUBMITTED',0.00),
(36,26,6,'2025-12-05',33500.00,'APPROVED',25789.23),
(37,33,7,'2026-01-04',11864.03,'DENIED',0.00),
(38,34,7,'2026-01-25',25232.48,'APPROVED',11194.35),
(39,34,7,'2026-03-18',46605.50,'PAID',46605.50),
(40,31,7,'2025-08-03',31543.57,'SUBMITTED',0.00),
(41,35,7,'2026-05-26',29332.27,'PAID',29332.27),
(42,31,7,'2025-12-14',34084.97,'SUBMITTED',0.00),
(43,40,8,'2025-11-19',44082.84,'PAID',44082.84),
(44,37,8,'2025-10-09',27584.84,'PAID',27584.84),
(45,37,8,'2025-09-06',37600.72,'PAID',37600.72),
(46,38,8,'2026-03-26',10769.10,'DENIED',0.00),
(47,37,8,'2026-07-21',42185.18,'APPROVED',26531.56),
(48,37,8,'2025-12-01',76161.76,'DENIED',0.00);

-- PAYMENTS
INSERT INTO PAYMENTS (PAYMENT_ID,CLAIM_ID,CUSTOMER_ID,BRANCH_ID,PAYMENT_DATE,PAYMENT_AMOUNT,PAYMENT_MODE) VALUES
(1,1,4,1,'2026-03-24',65211.25,'BANK_TRANSFER'),
(2,5,2,1,'2025-12-01',14455.64,'BANK_TRANSFER'),
(3,6,3,1,'2026-01-14',66619.40,'BANK_TRANSFER'),
(4,7,9,2,'2025-11-13',30371.55,'BANK_TRANSFER'),
(5,10,6,2,'2026-02-25',29593.74,'BANK_TRANSFER'),
(6,12,6,2,'2026-06-10',55006.60,'BANK_TRANSFER'),
(7,13,14,3,'2025-08-21',44915.94,'BANK_TRANSFER'),
(8,15,11,3,'2026-05-17',57339.43,'BANK_TRANSFER'),
(9,16,12,3,'2025-09-24',21985.63,'BANK_TRANSFER'),
(10,17,15,3,'2026-01-16',31583.08,'BANK_TRANSFER'),
(11,18,11,3,'2026-02-02',35289.82,'BANK_TRANSFER'),
(12,20,16,4,'2025-10-03',33444.80,'BANK_TRANSFER'),
(13,23,20,4,'2025-08-28',20856.28,'BANK_TRANSFER'),
(14,26,21,5,'2025-12-09',15814.37,'BANK_TRANSFER'),
(15,27,21,5,'2025-12-26',47296.86,'BANK_TRANSFER'),
(16,28,25,5,'2026-02-02',49043.56,'BANK_TRANSFER'),
(17,32,26,6,'2026-06-29',63766.11,'BANK_TRANSFER'),
(18,33,29,6,'2025-12-02',46477.83,'BANK_TRANSFER'),
(19,34,29,6,'2025-11-11',48940.63,'BANK_TRANSFER'),
(20,36,26,6,'2025-12-25',25789.23,'BANK_TRANSFER'),
(21,38,34,7,'2026-02-14',11194.35,'BANK_TRANSFER'),
(22,39,34,7,'2026-04-07',46605.50,'BANK_TRANSFER'),
(23,41,35,7,'2026-06-15',29332.27,'BANK_TRANSFER'),
(24,43,40,8,'2025-12-09',44082.84,'BANK_TRANSFER'),
(25,44,37,8,'2025-10-29',27584.84,'BANK_TRANSFER'),
(26,45,37,8,'2025-09-26',37600.72,'BANK_TRANSFER'),
(27,47,37,8,'2026-08-10',26531.56,'BANK_TRANSFER');

-- INVENTORY
INSERT INTO INVENTORY (INVENTORY_ID,BRANCH_ID,PRODUCT_ID,QUANTITY_ON_HAND,REORDER_LEVEL,LAST_RESTOCK_DATE) VALUES
(1,1,1,430,50,'2026-06-30'),
(2,1,2,317,50,'2026-06-30'),
(3,1,3,194,50,'2026-06-30'),
(4,1,4,411,50,'2026-06-30'),
(5,2,1,441,50,'2026-06-30'),
(6,2,2,168,50,'2026-06-30'),
(7,2,3,225,50,'2026-06-30'),
(8,2,4,171,50,'2026-06-30'),
(9,3,1,220,50,'2026-06-30'),
(10,3,2,417,50,'2026-06-30'),
(11,3,3,421,50,'2026-06-30'),
(12,3,4,440,50,'2026-06-30'),
(13,4,1,333,50,'2026-06-30'),
(14,4,2,498,50,'2026-06-30'),
(15,4,3,304,50,'2026-06-30'),
(16,4,4,69,50,'2026-06-30'),
(17,5,1,153,50,'2026-06-30'),
(18,5,2,164,50,'2026-06-30'),
(19,5,3,308,50,'2026-06-30'),
(20,5,4,485,50,'2026-06-30'),
(21,6,1,355,50,'2026-06-30'),
(22,6,2,102,50,'2026-06-30'),
(23,6,3,245,50,'2026-06-30'),
(24,6,4,160,50,'2026-06-30'),
(25,7,1,90,50,'2026-06-30'),
(26,7,2,493,50,'2026-06-30'),
(27,7,3,203,50,'2026-06-30'),
(28,7,4,495,50,'2026-06-30'),
(29,8,1,163,50,'2026-06-30'),
(30,8,2,149,50,'2026-06-30'),
(31,8,3,376,50,'2026-06-30'),
(32,8,4,355,50,'2026-06-30');

-- PROCUREMENT
INSERT INTO PROCUREMENT (PURCHASE_ORDER_ID,BRANCH_ID,PRODUCT_ID,SUPPLIER_NAME,ORDER_DATE,QUANTITY_ORDERED,ORDER_AMOUNT,ORDER_STATUS) VALUES
(1,1,6,'Prime Vendors','2026-05-26',301,5418000.00,'OPEN'),
(2,1,4,'Global Traders','2026-02-12',193,2895000.00,'OPEN'),
(3,1,5,'Acme Supplies','2025-10-22',329,9870000.00,'CANCELLED'),
(4,2,6,'Prime Vendors','2026-07-07',286,5148000.00,'RECEIVED'),
(5,2,6,'Global Traders','2026-02-22',85,1530000.00,'RECEIVED'),
(6,2,6,'Global Traders','2025-11-09',205,3690000.00,'CANCELLED'),
(7,3,6,'Metro Wholesale','2026-02-03',266,4788000.00,'RECEIVED'),
(8,3,5,'Metro Wholesale','2026-04-17',255,7650000.00,'CANCELLED'),
(9,3,5,'Acme Supplies','2026-01-23',68,2040000.00,'CANCELLED'),
(10,4,1,'Global Traders','2026-06-22',177,1274400.00,'RECEIVED'),
(11,4,6,'Metro Wholesale','2025-08-19',363,6534000.00,'CANCELLED'),
(12,4,3,'Prime Vendors','2025-09-01',270,1458000.00,'OPEN'),
(13,5,2,'Global Traders','2026-07-17',311,3358800.00,'CANCELLED'),
(14,5,4,'Global Traders','2026-02-15',241,3615000.00,'CANCELLED'),
(15,5,3,'Metro Wholesale','2026-03-04',62,334800.00,'RECEIVED'),
(16,6,1,'Prime Vendors','2026-07-05',109,784800.00,'RECEIVED'),
(17,6,3,'Prime Vendors','2025-11-17',283,1528200.00,'RECEIVED'),
(18,6,4,'Metro Wholesale','2026-03-24',99,1485000.00,'CANCELLED'),
(19,7,3,'Acme Supplies','2025-12-02',84,453600.00,'CANCELLED'),
(20,7,1,'Global Traders','2026-06-04',225,1620000.00,'CANCELLED'),
(21,7,6,'Global Traders','2026-04-06',174,3132000.00,'CANCELLED'),
(22,8,3,'Metro Wholesale','2026-02-15',336,1814400.00,'OPEN'),
(23,8,6,'Metro Wholesale','2025-10-21',144,2592000.00,'CANCELLED'),
(24,8,4,'Metro Wholesale','2026-07-20',64,960000.00,'OPEN');

SET FOREIGN_KEY_CHECKS = 1;
-- End of seed.
